day,views,likes,annotationClickThroughRate,annotationCloseRate,annotationImpressions
2019-01-01,0,0,0,0,0
2019-01-02,0,0,0,0,0
2019-01-03,0,0,0,0,0
2019-01-04,0,0,0,0,0
2019-01-05,0,0,0,0,0
2019-01-06,0,0,0,0,0
2019-01-07,0,0,0,0,0
2019-01-08,0,0,0,0,0
2019-01-09,0,0,0,0,0
2019-01-10,0,0,0,0,0
2019-01-11,0,0,0,0,0
2019-01-12,0,0,0,0,0
2019-01-13,0,0,0,0,0
2019-01-14,0,0,0,0,0
2019-01-15,0,0,0,0,0
2019-01-16,0,0,0,0,0
2019-01-17,0,0,0,0,0
2019-01-18,0,0,0,0,0
2019-01-19,0,0,0,0,0
2019-01-20,0,0,0,0,0
2019-01-21,0,0,0,0,0
2019-01-22,0,0,0,0,0
2019-01-23,0,0,0,0,0
2019-01-24,0,0,0,0,0
2019-01-25,0,0,0,0,0
2019-01-26,0,0,0,0,0
2019-01-27,0,0,0,0,0
2019-01-28,0,0,0,0,0
2019-01-29,0,0,0,0,0
2019-01-30,0,0,0,0,0
2019-01-31,0,0,0,0,0
2019-02-01,0,0,0,0,0
2019-02-02,0,0,0,0,0
2019-02-03,0,0,0,0,0
2019-02-04,0,0,0,0,0
2019-02-05,0,0,0,0,0
2019-02-06,0,0,0,0,0
2019-02-07,0,0,0,0,0
2019-02-08,0,0,0,0,0
2019-02-09,0,0,0,0,0
2019-02-10,0,0,0,0,0
2019-02-11,0,0,0,0,0
2019-02-12,0,0,0,0,0
2019-02-13,0,0,0,0,0
2019-02-14,0,0,0,0,0
2019-02-15,0,0,0,0,0
2019-02-16,0,0,0,0,0
2019-02-17,0,0,0,0,0
2019-02-18,0,0,0,0,0
2019-02-19,0,0,0,0,0
2019-02-20,0,0,0,0,0
2019-02-21,0,0,0,0,0
2019-02-22,0,0,0,0,0
2019-02-23,0,0,0,0,0
2019-02-24,0,0,0,0,0
2019-02-25,0,0,0,0,0
2019-02-26,0,0,0,0,0
2019-02-27,0,0,0,0,0
2019-02-28,0,0,0,0,0
2019-03-01,0,0,0,0,0
2019-03-02,0,0,0,0,0
2019-03-03,0,0,0,0,0
2019-03-04,0,0,0,0,0
2019-03-05,0,0,0,0,0
2019-03-06,0,0,0,0,0
2019-03-07,0,0,0,0,0
2019-03-08,0,0,0,0,0
2019-03-09,0,0,0,0,0
2019-03-10,0,0,0,0,0
2019-03-11,0,0,0,0,0
2019-03-12,0,0,0,0,0
2019-03-13,0,0,0,0,0
2019-03-14,0,0,0,0,0
2019-03-15,0,0,0,0,0
2019-03-16,0,0,0,0,0
2019-03-17,0,0,0,0,0
2019-03-18,0,0,0,0,0
2019-03-19,0,0,0,0,0
2019-03-20,0,0,0,0,0
2019-03-21,0,0,0,0,0
2019-03-22,0,0,0,0,0
2019-03-23,0,0,0,0,0
2019-03-24,0,0,0,0,0
2019-03-25,0,0,0,0,0
2019-03-26,0,0,0,0,0
2019-03-27,0,0,0,0,0
2019-03-28,0,0,0,0,0
2019-03-29,0,0,0,0,0
2019-03-30,0,0,0,0,0
2019-03-31,0,0,0,0,0
2019-04-01,0,0,0,0,0
2019-04-02,0,0,0,0,0
2019-04-03,0,0,0,0,0
2019-04-04,0,0,0,0,0
2019-04-05,0,0,0,0,0
2019-04-06,0,0,0,0,0
2019-04-07,0,0,0,0,0
2019-04-08,0,0,0,0,0
2019-04-09,0,0,0,0,0
2019-04-10,0,0,0,0,0
2019-04-11,0,0,0,0,0
2019-04-12,0,0,0,0,0
2019-04-13,0,0,0,0,0
2019-04-14,0,0,0,0,0
2019-04-15,0,0,0,0,0
2019-04-16,0,0,0,0,0
2019-04-17,0,0,0,0,0
2019-04-18,0,0,0,0,0
2019-04-19,0,0,0,0,0
2019-04-20,0,0,0,0,0
2019-04-21,0,0,0,0,0
2019-04-22,0,0,0,0,0
2019-04-23,0,0,0,0,0
2019-04-24,0,0,0,0,0
2019-04-25,0,0,0,0,0
2019-04-26,0,0,0,0,0
2019-04-27,0,0,0,0,0
2019-04-28,0,0,0,0,0
2019-04-29,0,0,0,0,0
2019-04-30,0,0,0,0,0
2019-05-01,0,0,0,0,0
2019-05-02,0,0,0,0,0
2019-05-03,0,0,0,0,0
2019-05-04,0,0,0,0,0
2019-05-05,0,0,0,0,0
2019-05-06,0,0,0,0,0
2019-05-07,0,0,0,0,0
2019-05-08,0,0,0,0,0
2019-05-09,0,0,0,0,0
2019-05-10,0,0,0,0,0
2019-05-11,0,0,0,0,0
2019-05-12,0,0,0,0,0
2019-05-13,0,0,0,0,0
2019-05-14,0,0,0,0,0
2019-05-15,0,0,0,0,0
2019-05-16,0,0,0,0,0
2019-05-17,0,0,0,0,0
2019-05-18,0,0,0,0,0
2019-05-19,0,0,0,0,0
2019-05-20,0,0,0,0,0
2019-05-21,0,0,0,0,0
2019-05-22,0,0,0,0,0
2019-05-23,0,0,0,0,0
2019-05-24,0,0,0,0,0
2019-05-25,0,0,0,0,0
2019-05-26,0,0,0,0,0
2019-05-27,0,0,0,0,0
2019-05-28,0,0,0,0,0
2019-05-29,0,0,0,0,0
2019-05-30,0,0,0,0,0
2019-05-31,0,0,0,0,0
2019-06-01,0,0,0,0,0
2019-06-02,0,0,0,0,0
2019-06-03,0,0,0,0,0
2019-06-04,0,0,0,0,0
2019-06-05,0,0,0,0,0
2019-06-06,0,0,0,0,0
2019-06-07,0,0,0,0,0
2019-06-08,0,0,0,0,0
2019-06-09,0,0,0,0,0
2019-06-10,0,0,0,0,0
2019-06-11,0,0,0,0,0
2019-06-12,0,0,0,0,0
2019-06-13,0,0,0,0,0
2019-06-14,0,0,0,0,0
2019-06-15,0,0,0,0,0
2019-06-16,0,0,0,0,0
2019-06-17,0,0,0,0,0
2019-06-18,0,0,0,0,0
2019-06-19,0,0,0,0,0
2019-06-20,0,0,0,0,0
2019-06-21,0,0,0,0,0
2019-06-22,0,0,0,0,0
2019-06-23,0,0,0,0,0
2019-06-24,0,0,0,0,0
2019-06-25,0,0,0,0,0
2019-06-26,0,0,0,0,0
2019-06-27,0,0,0,0,0
2019-06-28,0,0,0,0,0
2019-06-29,0,0,0,0,0
2019-06-30,0,0,0,0,0
2019-07-01,0,0,0,0,0
2019-07-02,0,0,0,0,0
2019-07-03,0,0,0,0,0
2019-07-04,0,0,0,0,0
2019-07-05,0,0,0,0,0
2019-07-06,0,0,0,0,0
2019-07-07,0,0,0,0,0
2019-07-08,0,0,0,0,0
2019-07-09,0,0,0,0,0
2019-07-10,0,0,0,0,0
2019-07-11,0,0,0,0,0
2019-07-12,0,0,0,0,0
2019-07-13,0,0,0,0,0
2019-07-14,0,0,0,0,0
2019-07-15,0,0,0,0,0
2019-07-16,0,0,0,0,0
2019-07-17,0,0,0,0,0
2019-07-18,0,0,0,0,0
2019-07-19,0,0,0,0,0
2019-07-20,0,0,0,0,0
2019-07-21,0,0,0,0,0
2019-07-22,0,0,0,0,0
2019-07-23,0,0,0,0,0
2019-07-24,0,0,0,0,0
2019-07-25,0,0,0,0,0
2019-07-26,0,0,0,0,0
2019-07-27,0,0,0,0,0
2019-07-28,0,0,0,0,0
2019-07-29,0,0,0,0,0
2019-07-30,0,0,0,0,0
2019-07-31,0,0,0,0,0
2019-08-01,0,0,0,0,0
2019-08-02,0,0,0,0,0
2019-08-03,0,0,0,0,0
2019-08-04,0,0,0,0,0
2019-08-05,0,0,0,0,0
2019-08-06,0,0,0,0,0
2019-08-07,0,0,0,0,0
2019-08-08,0,0,0,0,0
2019-08-09,0,0,0,0,0
2019-08-10,0,0,0,0,0
2019-08-11,0,0,0,0,0
2019-08-12,0,0,0,0,0
2019-08-13,0,0,0,0,0
2019-08-14,0,0,0,0,0
2019-08-15,0,0,0,0,0
2019-08-16,0,0,0,0,0
2019-08-17,0,0,0,0,0
2019-08-18,0,0,0,0,0
2019-08-19,0,0,0,0,0
2019-08-20,0,0,0,0,0
2019-08-21,0,0,0,0,0
2019-08-22,0,0,0,0,0
2019-08-23,0,0,0,0,0
2019-08-24,0,0,0,0,0
2019-08-25,0,0,0,0,0
2019-08-26,0,0,0,0,0
2019-08-27,0,0,0,0,0
2019-08-28,0,0,0,0,0
2019-08-29,0,0,0,0,0
2019-08-30,0,0,0,0,0
2019-08-31,0,0,0,0,0
2019-09-01,0,0,0,0,0
2019-09-02,0,0,0,0,0
2019-09-03,0,0,0,0,0
2019-09-04,0,0,0,0,0
2019-09-05,0,0,0,0,0
2019-09-06,0,0,0,0,0
2019-09-07,0,0,0,0,0
2019-09-08,0,0,0,0,0
2019-09-09,0,0,0,0,0
2019-09-10,0,0,0,0,0
2019-09-11,0,0,0,0,0
2019-09-12,0,0,0,0,0
2019-09-13,0,0,0,0,0
2019-09-14,0,0,0,0,0
2019-09-15,0,0,0,0,0
2019-09-16,0,0,0,0,0
2019-09-17,0,0,0,0,0
2019-09-18,0,0,0,0,0
2019-09-19,0,0,0,0,0
2019-09-20,0,0,0,0,0
2019-09-21,0,0,0,0,0
2019-09-22,0,0,0,0,0
2019-09-23,0,0,0,0,0
2019-09-24,0,0,0,0,0
2019-09-25,0,0,0,0,0
2019-09-26,0,0,0,0,0
2019-09-27,3,1,0,0,0
2019-09-28,21,8,0,0,0
2019-09-29,14,3,0,0,0
2019-09-30,5,2,0,0,0
2019-10-01,8,1,0,0,0
2019-10-02,8,2,0,0,0
2019-10-03,1,0,0,0,0
2019-10-04,0,0,0,0,0
2019-10-05,1,0,0,0,0
2019-10-06,2,0,0,0,0
2019-10-07,0,0,0,0,0
2019-10-08,0,0,0,0,0
2019-10-09,2,0,0,0,0
2019-10-10,0,0,0,0,0
2019-10-11,1,0,0,0,0
2019-10-12,0,0,0,0,0
2019-10-13,0,0,0,0,0
2019-10-14,0,0,0,0,0
2019-10-15,4,0,0,0,0
2019-10-16,2,0,0,0,0
2019-10-17,1,0,0,0,0
2019-10-18,1,0,0,0,0
2019-10-19,10,0,0,0,0
2019-10-20,1,0,0,0,0
2019-10-21,1,0,0,0,0
2019-10-22,0,0,0,0,0
2019-10-23,0,0,0,0,0
2019-10-24,0,0,0,0,0
2019-10-25,3,0,0,0,0
2019-10-26,0,0,0,0,0
2019-10-27,7,0,0,0,0
2019-10-28,0,0,0,0,0
2019-10-29,0,0,0,0,0
2019-10-30,0,0,0,0,0
2019-10-31,2,0,0,0,0
2019-11-01,1,0,0,0,0
2019-11-02,0,0,0,0,0
2019-11-03,2,0,0,0,0
2019-11-04,2,0,0,0,0
2019-11-05,1,0,0,0,0
2019-11-06,0,0,0,0,0
2019-11-07,0,0,0,0,0
2019-11-08,0,0,0,0,0
2019-11-09,0,0,0,0,0
2019-11-10,0,0,0,0,0
2019-11-11,3,0,0,0,0
2019-11-12,0,0,0,0,0
2019-11-13,0,0,0,0,0
2019-11-14,0,0,0,0,0
2019-11-15,2,0,0,0,0
2019-11-16,1,0,0,0,0
2019-11-17,0,0,0,0,0
2019-11-18,0,0,0,0,0
2019-11-19,0,0,0,0,0
2019-11-20,1,0,0,0,0
2019-11-21,0,0,0,0,0
2019-11-22,1,0,0,0,0
2019-11-23,0,0,0,0,0
2019-11-24,2,0,0,0,0
2019-11-25,1,0,0,0,0
2019-11-26,1,0,0,0,0
2019-11-27,2,0,0,0,0
2019-11-28,0,0,0,0,0
2019-11-29,4,0,0,0,0
2019-11-30,0,0,0,0,0
2019-12-01,2,0,0,0,0
2019-12-02,3,0,0,0,0
2019-12-03,0,0,0,0,0
2019-12-04,3,0,0,0,0
2019-12-05,0,0,0,0,0
2019-12-06,0,0,0,0,0
2019-12-07,1,0,0,0,0
2019-12-08,0,0,0,0,0
2019-12-09,0,0,0,0,0
2019-12-10,2,0,0,0,0
2019-12-11,0,0,0,0,0
2019-12-12,0,0,0,0,0
2019-12-13,0,0,0,0,0
2019-12-14,0,0,0,0,0
2019-12-15,2,0,0,0,0
2019-12-16,0,0,0,0,0
2019-12-17,0,0,0,0,0
2019-12-18,2,0,0,0,0
2019-12-19,0,0,0,0,0
2019-12-20,0,0,0,0,0
2019-12-21,0,0,0,0,0
2019-12-22,0,0,0,0,0
2019-12-23,0,0,0,0,0
2019-12-24,0,0,0,0,0
2019-12-25,0,0,0,0,0
2019-12-26,0,0,0,0,0
2019-12-27,0,0,0,0,0
2019-12-28,0,0,0,0,0
2019-12-29,1,0,0,0,0
2019-12-30,0,0,0,0,0
2019-12-31,0,0,0,0,0
2020-01-01,0,0,0,0,0
2020-01-02,0,0,0,0,0
2020-01-03,0,0,0,0,0
2020-01-04,0,0,0,0,0
2020-01-05,0,0,0,0,0
2020-01-06,0,0,0,0,0
2020-01-07,0,0,0,0,0
2020-01-08,0,0,0,0,0
2020-01-09,0,0,0,0,0
2020-01-10,2,0,0,0,0
2020-01-11,6,0,0,0,0
2020-01-12,3,0,0,0,0
2020-01-13,0,0,0,0,0
2020-01-14,1,0,0,0,0
2020-01-15,0,0,0,0,0
2020-01-16,0,0,0,0,0
2020-01-17,0,0,0,0,0
2020-01-18,0,0,0,0,0
2020-01-19,2,0,0,0,0
2020-01-20,2,0,0,0,0
2020-01-21,1,0,0,0,0
2020-01-22,0,0,0,0,0
2020-01-23,0,0,0,0,0
2020-01-24,0,0,0,0,0
2020-01-25,0,0,0,0,0
2020-01-26,0,0,0,0,0
2020-01-27,2,0,0,0,0
2020-01-28,1,0,0,0,0
2020-01-29,0,0,0,0,0
2020-01-30,0,0,0,0,0
2020-01-31,0,0,0,0,0
2020-02-01,1,0,0,0,0
2020-02-02,3,0,0,0,0
2020-02-03,0,0,0,0,0
2020-02-04,6,0,0,0,0
2020-02-05,0,0,0,0,0
2020-02-06,1,0,0,0,0
2020-02-07,2,0,0,0,0
2020-02-08,0,0,0,0,0
2020-02-09,2,0,0,0,0
2020-02-10,0,0,0,0,0
2020-02-11,3,0,0,0,0
2020-02-12,2,0,0,0,0
2020-02-13,0,0,0,0,0
2020-02-14,0,0,0,0,0
2020-02-15,2,0,0,0,0
2020-02-16,1,0,0,0,0
2020-02-17,0,0,0,0,0
2020-02-18,1,0,0,0,0
2020-02-19,0,0,0,0,0
2020-02-20,1,0,0,0,0
2020-02-21,1,0,0,0,0
2020-02-22,0,0,0,0,0
2020-02-23,1,0,0,0,0
2020-02-24,0,0,0,0,0
2020-02-25,1,1,0,0,0
2020-02-26,2,0,0,0,0
2020-02-27,1,0,0,0,0
2020-02-28,0,0,0,0,0
2020-02-29,2,0,0,0,0
2020-03-01,0,0,0,0,0
2020-03-02,1,0,0,0,0
2020-03-03,0,0,0,0,0
2020-03-04,0,0,0,0,0
2020-03-05,3,0,0,0,0
2020-03-06,0,0,0,0,0
2020-03-07,0,0,0,0,0
2020-03-08,0,0,0,0,0
2020-03-09,0,0,0,0,0
2020-03-10,1,0,0,0,0
2020-03-11,0,0,0,0,0
2020-03-12,3,1,0,0,0
2020-03-13,0,0,0,0,0
2020-03-14,0,0,0,0,0
2020-03-15,1,0,0,0,0
2020-03-16,2,0,0,0,0
2020-03-17,0,0,0,0,0
2020-03-18,0,0,0,0,0
2020-03-19,0,0,0,0,0
2020-03-20,0,0,0,0,0
2020-03-21,0,0,0,0,0
2020-03-22,0,0,0,0,0
2020-03-23,0,0,0,0,0
2020-03-24,0,0,0,0,0
2020-03-25,0,0,0,0,0
2020-03-26,1,0,0,0,0
2020-03-27,0,0,0,0,0
2020-03-28,0,0,0,0,0
2020-03-29,0,0,0,0,0
2020-03-30,0,0,0,0,0
2020-03-31,0,0,0,0,0
2020-04-01,0,0,0,0,0
2020-04-02,0,0,0,0,0
2020-04-03,1,0,0,0,0
2020-04-04,0,0,0,0,0
2020-04-05,0,0,0,0,0
2020-04-06,1,0,0,0,0
2020-04-07,1,0,0,0,0
2020-04-08,1,0,0,0,0
2020-04-09,0,0,0,0,0
2020-04-10,0,0,0,0,0
2020-04-11,0,0,0,0,0
2020-04-12,1,0,0,0,0
2020-04-13,0,0,0,0,0
2020-04-14,0,0,0,0,0
2020-04-15,1,0,0,0,0
2020-04-16,1,0,0,0,0
2020-04-17,1,0,0,0,0
2020-04-18,0,0,0,0,0
2020-04-19,3,0,0,0,0
2020-04-20,0,0,0,0,0
2020-04-21,0,0,0,0,0
2020-04-22,0,0,0,0,0
2020-04-23,1,0,0,0,0
2020-04-24,0,0,0,0,0
2020-04-25,0,0,0,0,0
2020-04-26,0,0,0,0,0
2020-04-27,0,0,0,0,0
2020-04-28,11,0,0,0,0
2020-04-29,2,0,0,0,0
2020-04-30,0,0,0,0,0
2020-05-01,0,0,0,0,0
2020-05-02,1,0,0,0,0
2020-05-03,3,0,0,0,0
2020-05-04,4,0,0,0,0
2020-05-05,0,0,0,0,0
2020-05-06,0,0,0,0,0
2020-05-07,0,0,0,0,0
2020-05-08,0,0,0,0,0
2020-05-09,0,0,0,0,0
2020-05-10,2,0,0,0,0
2020-05-11,1,0,0,0,0
2020-05-12,0,0,0,0,0
2020-05-13,1,0,0,0,0
2020-05-14,1,0,0,0,0
2020-05-15,2,0,0,0,0
2020-05-16,0,0,0,0,0
2020-05-17,0,0,0,0,0
2020-05-18,0,0,0,0,0
2020-05-19,0,0,0,0,0
2020-05-20,0,0,0,0,0
2020-05-21,0,0,0,0,0
2020-05-22,1,0,0,0,0
2020-05-23,1,0,0,0,0
2020-05-24,0,0,0,0,0
2020-05-25,0,0,0,0,0
2020-05-26,0,0,0,0,0
2020-05-27,2,0,0,0,0
2020-05-28,2,0,0,0,0
2020-05-29,0,0,0,0,0
2020-05-30,0,0,0,0,0
2020-05-31,1,0,0,0,0
2020-06-01,1,0,0,0,0
2020-06-02,0,0,0,0,0
2020-06-03,1,0,0,0,0
2020-06-04,1,0,0,0,0
2020-06-05,0,0,0,0,0
2020-06-06,1,0,0,0,0
2020-06-07,1,0,0,0,0
2020-06-08,1,0,0,0,0
2020-06-09,1,0,0,0,0
2020-06-10,3,0,0,0,0
2020-06-11,0,0,0,0,0
2020-06-12,1,0,0,0,0
2020-06-13,0,0,0,0,0
2020-06-14,0,0,0,0,0
2020-06-15,1,0,0,0,0
2020-06-16,2,0,0,0,0
2020-06-17,0,0,0,0,0
2020-06-18,0,0,0,0,0
2020-06-19,2,0,0,0,0
2020-06-20,0,0,0,0,0
2020-06-21,1,0,0,0,0
2020-06-22,2,0,0,0,0
2020-06-23,3,0,0,0,0
2020-06-24,5,0,0,0,0
2020-06-25,8,0,0,0,0
2020-06-26,0,0,0,0,0
2020-06-27,1,0,0,0,0
2020-06-28,1,0,0,0,0
2020-06-29,2,0,0,0,0
2020-06-30,0,0,0,0,0
2020-07-01,0,0,0,0,0
2020-07-02,1,0,0,0,0
2020-07-03,1,0,0,0,0
2020-07-04,0,0,0,0,0
2020-07-05,0,0,0,0,0
2020-07-06,3,0,0,0,0
2020-07-07,2,0,0,0,0
2020-07-08,2,0,0,0,0
2020-07-09,3,0,0,0,0
2020-07-10,0,0,0,0,0
2020-07-11,0,0,0,0,0
2020-07-12,2,0,0,0,0
2020-07-13,0,0,0,0,0
2020-07-14,0,0,0,0,0
2020-07-15,0,0,0,0,0
2020-07-16,1,0,0,0,0
2020-07-17,1,0,0,0,0
2020-07-18,1,0,0,0,0
2020-07-19,1,0,0,0,0
2020-07-20,0,0,0,0,0
2020-07-21,2,0,0,0,0
2020-07-22,0,0,0,0,0
2020-07-23,0,0,0,0,0
2020-07-24,0,0,0,0,0
2020-07-25,1,0,0,0,0
2020-07-26,0,0,0,0,0
2020-07-27,0,0,0,0,0
2020-07-28,0,0,0,0,0
2020-07-29,1,0,0,0,0
2020-07-30,2,0,0,0,0
2020-07-31,0,0,0,0,0
2020-08-01,0,0,0,0,0
2020-08-02,0,0,0,0,0
2020-08-03,1,0,0,0,0
2020-08-04,1,0,0,0,0
2020-08-05,2,0,0,0,0
2020-08-06,3,0,0,0,0
2020-08-07,1,0,0,0,0
2020-08-08,2,0,0,0,0
2020-08-09,4,1,0,0,0
2020-08-10,3,0,0,0,0
2020-08-11,0,0,0,0,0
2020-08-12,1,1,0,0,0
2020-08-13,0,0,0,0,0
2020-08-14,1,0,0,0,0
2020-08-15,1,0,0,0,0
2020-08-16,1,0,0,0,0
2020-08-17,0,0,0,0,0
2020-08-18,3,0,0,0,0
2020-08-19,0,0,0,0,0
2020-08-20,2,0,0,0,0
2020-08-21,1,0,0,0,0
2020-08-22,1,0,0,0,0
2020-08-23,2,0,0,0,0
2020-08-24,2,0,0,0,0
2020-08-25,0,0,0,0,0
2020-08-26,5,0,0,0,0
2020-08-27,0,0,0,0,0
2020-08-28,1,0,0,0,0
2020-08-29,1,0,0,0,0
2020-08-30,4,0,0,0,0
2020-08-31,2,0,0,0,0
2020-09-01,5,0,0,0,0
2020-09-02,1,0,0,0,0
2020-09-03,1,0,0,0,0
2020-09-04,5,0,0,0,0
2020-09-05,1,0,0,0,0
2020-09-06,0,0,0,0,0
2020-09-07,3,0,0,0,0
2020-09-08,2,0,0,0,0
2020-09-09,5,0,0,0,0
2020-09-10,2,0,0,0,0
2020-09-11,3,0,0,0,0
2020-09-12,6,0,0,0,0
2020-09-13,3,0,0,0,0
2020-09-14,2,0,0,0,0
2020-09-15,5,1,0,0,0
2020-09-16,2,0,0,0,0
2020-09-17,6,0,0,0,0
2020-09-18,2,0,0,0,0
2020-09-19,5,0,0,0,0
2020-09-20,6,0,0,0,0
2020-09-21,10,0,0,0,0
2020-09-22,8,0,0,0,0
2020-09-23,9,1,0,0,0
2020-09-24,7,0,0,0,0
2020-09-25,4,0,0,0,0
2020-09-26,6,0,0,0,0
2020-09-27,9,0,0,0,0
2020-09-28,4,0,0,0,0
2020-09-29,5,0,0,0,0
2020-09-30,8,0,0,0,0
2020-10-01,7,0,0,0,0
2020-10-02,5,0,0,0,0
2020-10-03,9,0,0,0,0
2020-10-04,12,1,0,0,0
2020-10-05,13,0,0,0,0
2020-10-06,8,0,0,0,0
2020-10-07,19,0,0,0,0
2020-10-08,10,0,0,0,0
2020-10-09,10,0,0,0,0
2020-10-10,9,-1,0,0,0
2020-10-11,12,0,0,0,0
2020-10-12,4,0,0,0,0
2020-10-13,8,0,0,0,0
2020-10-14,8,0,0,0,0
2020-10-15,10,0,0,0,0
2020-10-16,6,0,0,0,0
2020-10-17,3,0,0,0,0
2020-10-18,8,0,0,0,0
2020-10-19,11,0,0,0,0
2020-10-20,11,0,0,0,0
2020-10-21,6,0,0,0,0
2020-10-22,13,1,0,0,0
2020-10-23,11,0,0,0,0
2020-10-24,4,0,0,0,0
2020-10-25,17,0,0,0,0
2020-10-26,18,0,0,0,0
2020-10-27,12,1,0,0,0
2020-10-28,10,0,0,0,0
2020-10-29,22,0,0,0,0
2020-10-30,10,0,0,0,0
2020-10-31,5,0,0,0,0
2020-11-01,10,0,0,0,0
2020-11-02,11,0,0,0,0
2020-11-03,12,0,0,0,0
2020-11-04,7,0,0,0,0
2020-11-05,21,0,0,0,0
2020-11-06,11,0,0,0,0
2020-11-07,14,0,0,0,0
2020-11-08,7,1,0,0,0
2020-11-09,10,0,0,0,0
2020-11-10,3,0,0,0,0
2020-11-11,8,0,0,0,0
2020-11-12,15,0,0,0,0
2020-11-13,2,0,0,0,0
2020-11-14,8,0,0,0,0
2020-11-15,8,0,0,0,0
2020-11-16,4,1,0,0,0
2020-11-17,7,0,0,0,0
2020-11-18,8,0,0,0,0
2020-11-19,8,1,0,0,0
2020-11-20,8,0,0,0,0
2020-11-21,7,1,0,0,0
2020-11-22,4,0,0,0,0
2020-11-23,5,0,0,0,0
2020-11-24,12,1,0,0,0
2020-11-25,4,0,0,0,0
2020-11-26,11,0,0,0,0
2020-11-27,8,0,0,0,0
2020-11-28,9,0,0,0,0
2020-11-29,15,3,0,0,0
2020-11-30,6,0,0,0,0
2020-12-01,6,0,0,0,0
2020-12-02,15,1,0,0,0
2020-12-03,1,0,0,0,0
2020-12-04,7,0,0,0,0
2020-12-05,9,4,0,0,0
2020-12-06,9,0,0,0,0
2020-12-07,12,0,0,0,0
2020-12-08,20,1,0,0,0
2020-12-09,18,0,0,0,0
2020-12-10,1,0,0,0,0
2020-12-11,58,22,0,0,0
2020-12-12,44,7,0,0,0
2020-12-13,25,1,0,0,0
2020-12-14,17,1,0,0,0
2020-12-15,37,9,0,0,0
2020-12-16,17,0,0,0,0
2020-12-17,18,0,0,0,0
2020-12-18,7,0,0,0,0
2020-12-19,10,0,0,0,0
2020-12-20,12,1,0,0,0
2020-12-21,21,0,0,0,0
2020-12-22,17,0,0,0,0
2020-12-23,29,4,0,0,0
2020-12-24,6,0,0,0,0
2020-12-25,6,0,0,0,0
2020-12-26,7,1,0,0,0
2020-12-27,41,1,0,0,0
2020-12-28,14,2,0,0,0
2020-12-29,10,0,0,0,0
2020-12-30,12,0,0,0,0
2020-12-31,7,0,0,0,0
2021-01-01,3,0,0,0,0
2021-01-02,10,0,0,0,0
2021-01-03,8,0,0,0,0
2021-01-04,11,0,0,0,0
2021-01-05,5,0,0,0,0
2021-01-06,15,0,0,0,0
2021-01-07,7,0,0,0,0
2021-01-08,10,1,0,0,0
2021-01-09,8,0,0,0,0
2021-01-10,13,0,0,0,0
2021-01-11,20,0,0,0,0
2021-01-12,12,0,0,0,0
2021-01-13,9,1,0,0,0
2021-01-14,29,0,0,0,0
2021-01-15,17,1,0,0,0
2021-01-16,17,0,0,0,0
2021-01-17,25,0,0,0,0
2021-01-18,17,0,0,0,0
2021-01-19,24,0,0,0,0
2021-01-20,19,1,0,0,0
2021-01-21,23,2,0,0,0
2021-01-22,8,0,0,0,0
2021-01-23,16,0,0,0,0
2021-01-24,9,0,0,0,0
2021-01-25,13,0,0,0,0
2021-01-26,25,0,0,0,0
2021-01-27,26,0,0,0,0
2021-01-28,23,1,0,0,0
2021-01-29,19,0,0,0,0
2021-01-30,19,0,0,0,0
2021-01-31,20,1,0,0,0
2021-02-01,31,0,0,0,0
2021-02-02,20,0,0,0,0
2021-02-03,21,0,0,0,0
2021-02-04,20,0,0,0,0
2021-02-05,12,0,0,0,0
2021-02-06,25,0,0,0,0
2021-02-07,13,0,0,0,0
2021-02-08,19,1,0,0,0
2021-02-09,12,1,0,0,0
2021-02-10,24,-1,0,0,0
2021-02-11,21,1,0,0,0
2021-02-12,24,0,0,0,0
2021-02-13,8,0,0,0,0
2021-02-14,11,0,0,0,0
2021-02-15,37,1,0,0,0
2021-02-16,26,0,0,0,0
2021-02-17,16,0,0,0,0
2021-02-18,15,0,0,0,0
2021-02-19,16,0,0,0,0
2021-02-20,18,0,0,0,0
2021-02-21,16,0,0,0,0
2021-02-22,33,-1,0,0,0
2021-02-23,35,0,0,0,0
2021-02-24,36,1,0,0,0
2021-02-25,24,0,0,0,0
2021-02-26,16,0,0,0,0
2021-02-27,30,0,0,0,0
2021-02-28,23,0,0,0,0
2021-03-01,33,0,0,0,0
2021-03-02,22,0,0,0,0
2021-03-03,10,0,0,0,0
2021-03-04,53,0,0,0,0
2021-03-05,27,0,0,0,0
2021-03-06,15,0,0,0,0
2021-03-07,17,0,0,0,0
2021-03-08,19,0,0,0,0
2021-03-09,20,0,0,0,0
2021-03-10,19,0,0,0,0
2021-03-11,13,1,0,0,0
2021-03-12,16,0,0,0,0
2021-03-13,7,0,0,0,0
2021-03-14,30,0,0,0,0
2021-03-15,26,0,0,0,0
2021-03-16,25,1,0,0,0
2021-03-17,33,0,0,0,0
2021-03-18,24,0,0,0,0
2021-03-19,16,0,0,0,0
2021-03-20,26,1,0,0,0
2021-03-21,12,0,0,0,0
2021-03-22,17,1,0,0,0
2021-03-23,25,0,0,0,0
2021-03-24,15,0,0,0,0
2021-03-25,18,0,0,0,0
2021-03-26,21,0,0,0,0
2021-03-27,28,1,0,0,0
2021-03-28,16,0,0,0,0
2021-03-29,11,0,0,0,0
2021-03-30,8,0,0,0,0
2021-03-31,12,0,0,0,0
2021-04-01,12,0,0,0,0
2021-04-02,11,0,0,0,0
2021-04-03,14,0,0,0,0
2021-04-04,13,0,0,0,0
2021-04-05,16,1,0,0,0
2021-04-06,13,0,0,0,0
2021-04-07,16,1,0,0,0
2021-04-08,17,1,0,0,0
2021-04-09,10,0,0,0,0
2021-04-10,8,0,0,0,0
2021-04-11,9,0,0,0,0
2021-04-12,10,0,0,0,0
2021-04-13,12,0,0,0,0
2021-04-14,6,0,0,0,0
2021-04-15,8,0,0,0,0
2021-04-16,17,0,0,0,0
2021-04-17,9,0,0,0,0
2021-04-18,10,0,0,0,0
2021-04-19,12,0,0,0,0
2021-04-20,32,0,0,0,0
2021-04-21,11,0,0,0,0
2021-04-22,14,0,0,0,0
2021-04-23,6,0,0,0,0
2021-04-24,3,0,0,0,0
2021-04-25,9,0,0,0,0
2021-04-26,5,0,0,0,0
2021-04-27,9,1,0,0,0
2021-04-28,8,0,0,0,0
2021-04-29,14,0,0,0,0
2021-04-30,5,0,0,0,0
2021-05-01,3,0,0,0,0
2021-05-02,8,0,0,0,0
2021-05-03,12,0,0,0,0
2021-05-04,10,0,0,0,0
2021-05-05,14,0,0,0,0
2021-05-06,17,0,0,0,0
2021-05-07,10,0,0,0,0
2021-05-08,8,0,0,0,0
2021-05-09,3,0,0,0,0
2021-05-10,12,0,0,0,0
2021-05-11,19,1,0,0,0
2021-05-12,13,1,0,0,0
2021-05-13,14,0,0,0,0
2021-05-14,6,0,0,0,0
2021-05-15,7,1,0,0,0
2021-05-16,11,0,0,0,0
2021-05-17,10,0,0,0,0
2021-05-18,11,-1,0,0,0
2021-05-19,12,0,0,0,0
2021-05-20,20,0,0,0,0
2021-05-21,9,0,0,0,0
2021-05-22,12,1,0,0,0
2021-05-23,19,0,0,0,0
2021-05-24,20,1,0,0,0
2021-05-25,17,0,0,0,0
2021-05-26,12,0,0,0,0
2021-05-27,12,0,0,0,0
2021-05-28,7,1,0,0,0
2021-05-29,7,0,0,0,0
2021-05-30,13,0,0,0,0
2021-05-31,18,0,0,0,0
2021-06-01,3,0,0,0,0
2021-06-02,15,0,0,0,0
2021-06-03,10,0,0,0,0
2021-06-04,16,0,0,0,0
2021-06-05,6,-1,0,0,0
2021-06-06,5,0,0,0,0
2021-06-07,16,0,0,0,0
2021-06-08,8,1,0,0,0
2021-06-09,23,1,0,0,0
2021-06-10,12,0,0,0,0
2021-06-11,14,0,0,0,0
2021-06-12,19,0,0,0,0
2021-06-13,15,1,0,0,0
2021-06-14,18,0,0,0,0
2021-06-15,13,0,0,0,0
2021-06-16,15,0,0,0,0
2021-06-17,10,1,0,0,0
2021-06-18,19,1,0,0,0
2021-06-19,11,0,0,0,0
2021-06-20,8,0,0,0,0
2021-06-21,9,0,0,0,0
2021-06-22,14,0,0,0,0
2021-06-23,15,1,0,0,0
2021-06-24,10,0,0,0,0
2021-06-25,24,0,0,0,0
2021-06-26,11,0,0,0,0
2021-06-27,8,0,0,0,0
2021-06-28,12,0,0,0,0
2021-06-29,44,5,0,0,0
2021-06-30,24,1,0,0,0
2021-07-01,14,2,0,0,0
2021-07-02,11,1,0,0,0
2021-07-03,12,0,0,0,0
2021-07-04,19,0,0,0,0
2021-07-05,29,0,0,0,0
2021-07-06,21,1,0,0,0
2021-07-07,21,0,0,0,0
2021-07-08,15,1,0,0,0
2021-07-09,11,0,0,0,0
2021-07-10,10,0,0,0,0
2021-07-11,9,0,0,0,0
2021-07-12,31,0,0,0,0
2021-07-13,28,1,0,0,0
2021-07-14,32,0,0,0,0
2021-07-15,30,0,0,0,0
2021-07-16,22,0,0,0,0
2021-07-17,59,3,0,0,0
2021-07-18,73,1,0,0,0
2021-07-19,80,3,0,0,0
2021-07-20,72,2,0,0,0
2021-07-21,53,2,0,0,0
2021-07-22,78,0,0,0,0
2021-07-23,76,0,0,0,0
2021-07-24,75,1,0,0,0
2021-07-25,125,1,0,0,0
2021-07-26,104,0,0,0,0
2021-07-27,151,0,0,0,0
2021-07-28,132,2,0,0,0
2021-07-29,85,1,0,0,0
2021-07-30,124,0,0,0,0
2021-07-31,117,1,0,0,0
2021-08-01,202,0,0,0,0
2021-08-02,301,0,0,0,0
2021-08-03,308,4,0,0,0
2021-08-04,422,7,0,0,0
2021-08-05,402,1,0,0,0
2021-08-06,318,6,0,0,0
2021-08-07,357,1,0,0,0
2021-08-08,327,1,0,0,0
2021-08-09,235,3,0,0,0
2021-08-10,234,4,0,0,0
2021-08-11,595,3,0,0,0
2021-08-12,437,5,0,0,0
2021-08-13,354,3,0,0,0
2021-08-14,420,5,0,0,0
2021-08-15,514,2,0,0,0
2021-08-16,415,1,0,0,0
2021-08-17,497,22,0,0,0
2021-08-18,355,3,0,0,0
2021-08-19,328,3,0,0,0
2021-08-20,538,18,0,0,0
2021-08-21,491,6,0,0,0
2021-08-22,501,7,0,0,0
2021-08-23,482,17,0,0,0
2021-08-24,385,19,0,0,0
2021-08-25,311,10,0,0,0
2021-08-26,310,7,0,0,0
2021-08-27,362,7,0,0,0
2021-08-28,329,6,0,0,0
2021-08-29,212,3,0,0,0
2021-08-30,251,3,0,0,0
2021-08-31,275,3,0,0,0
2021-09-01,359,32,0,0,0
2021-09-02,294,11,0,0,0
2021-09-03,254,11,0,0,0
2021-09-04,295,2,0,0,0
2021-09-05,107,1,0,0,0
2021-09-06,105,1,0,0,0
2021-09-07,91,4,0,0,0
2021-09-08,143,2,0,0,0
2021-09-09,70,1,0,0,0
2021-09-10,56,0,0,0,0
2021-09-11,62,6,0,0,0
2021-09-12,79,1,0,0,0
2021-09-13,86,0,0,0,0
2021-09-14,76,12,0,0,0
2021-09-15,93,9,0,0,0
2021-09-16,83,1,0,0,0
2021-09-17,52,0,0,0,0
2021-09-18,58,1,0,0,0
2021-09-19,67,0,0,0,0
2021-09-20,77,0,0,0,0
2021-09-21,63,0,0,0,0
2021-09-22,62,5,0,0,0
2021-09-23,178,42,0,0,0
2021-09-24,94,55,0,0,0
2021-09-25,163,45,0,0,0
2021-09-26,94,7,0,0,0
2021-09-27,157,35,0,0,0
2021-09-28,97,1,0,0,0
2021-09-29,90,5,0,0,0
2021-09-30,75,6,0,0,0
2021-10-01,93,5,0,0,0
2021-10-02,48,0,0,0,0
2021-10-03,93,1,0,0,0
2021-10-04,99,1,0,0,0
2021-10-05,68,1,0,0,0
2021-10-06,83,3,0,0,0
2021-10-07,84,0,0,0,0
2021-10-08,62,2,0,0,0
2021-10-09,64,2,0,0,0
2021-10-10,75,2,0,0,0
2021-10-11,76,2,0,0,0
2021-10-12,69,1,0,0,0
2021-10-13,72,0,0,0,0
2021-10-14,56,2,0,0,0
2021-10-15,72,7,0,0,0
2021-10-16,67,4,0,0,0
2021-10-17,94,0,0,0,0
2021-10-18,91,1,0,0,0
2021-10-19,87,4,0,0,0
2021-10-20,77,1,0,0,0
2021-10-21,82,1,0,0,0
2021-10-22,71,1,0,0,0
2021-10-23,59,3,0,0,0
2021-10-24,78,0,0,0,0
2021-10-25,69,0,0,0,0
2021-10-26,67,1,0,0,0
2021-10-27,77,1,0,0,0
2021-10-28,79,2,0,0,0
2021-10-29,86,1,0,0,0
2021-10-30,54,0,0,0,0
2021-10-31,52,1,0,0,0
2021-11-01,82,1,0,0,0
2021-11-02,76,0,0,0,0
2021-11-03,78,2,0,0,0
2021-11-04,75,0,0,0,0
2021-11-05,62,1,0,0,0
2021-11-06,58,0,0,0,0
2021-11-07,58,1,0,0,0
2021-11-08,94,1,0,0,0
2021-11-09,66,2,0,0,0
2021-11-10,49,0,0,0,0
2021-11-11,65,2,0,0,0
2021-11-12,61,1,0,0,0
2021-11-13,62,1,0,0,0
2021-11-14,70,0,0,0,0
2021-11-15,101,0,0,0,0
2021-11-16,74,1,0,0,0
2021-11-17,75,4,0,0,0
2021-11-18,105,2,0,0,0
2021-11-19,83,0,0,0,0
2021-11-20,62,0,0,0,0
2021-11-21,85,2,0,0,0
2021-11-22,108,2,0,0,0
2021-11-23,101,1,0,0,0
2021-11-24,101,3,0,0,0
2021-11-25,92,0,0,0,0
2021-11-26,67,0,0,0,0
2021-11-27,47,1,0,0,0
2021-11-28,67,0,0,0,0
2021-11-29,80,0,0,0,0
2021-11-30,100,2,0,0,0
2021-12-01,81,1,0,0,0
2021-12-02,88,1,0,0,0
2021-12-03,52,1,0,0,0
2021-12-04,57,0,0,0,0
2021-12-05,62,0,0,0,0
2021-12-06,90,0,0,0,0
2021-12-07,95,1,0,0,0
2021-12-08,86,2,0,0,0
2021-12-09,71,0,0,0,0
2021-12-10,67,1,0,0,0
2021-12-11,72,0,0,0,0
2021-12-12,82,0,0,0,0
2021-12-13,68,2,0,0,0
2021-12-14,75,0,0,0,0
2021-12-15,83,1,0,0,0
2021-12-16,63,0,0,0,0
2021-12-17,65,0,0,0,0
2021-12-18,51,3,0,0,0
2021-12-19,53,0,0,0,0
2021-12-20,62,2,0,0,0
2021-12-21,76,0,0,0,0
2021-12-22,70,2,0,0,0
2021-12-23,60,0,0,0,0
2021-12-24,32,1,0,0,0
2021-12-25,49,0,0,0,0
2021-12-26,55,-1,0,0,0
2021-12-27,60,0,0,0,0
2021-12-28,50,0,0,0,0
2021-12-29,62,0,0,0,0
2021-12-30,57,0,0,0,0
2021-12-31,43,0,0,0,0
2022-01-01,45,0,0,0,0
2022-01-02,49,0,0,0,0
2022-01-03,82,1,0,0,0
2022-01-04,73,0,0,0,0
2022-01-05,82,1,0,0,0
2022-01-06,74,2,0,0,0
2022-01-07,67,2,0,0,0
2022-01-08,61,1,0,0,0
2022-01-09,75,1,0,0,0
2022-01-10,75,1,0,0,0
2022-01-11,91,1,0,0,0
2022-01-12,66,0,0,0,0
2022-01-13,69,1,0,0,0
2022-01-14,80,1,0,0,0
2022-01-15,70,0,0,0,0
2022-01-16,68,1,0,0,0
2022-01-17,93,1,0,0,0
2022-01-18,93,0,0,0,0
2022-01-19,84,1,0,0,0
2022-01-20,84,0,0,0,0
2022-01-21,71,1,0,0,0
2022-01-22,70,0,0,0,0
2022-01-23,67,0,0,0,0
2022-01-24,69,0,0,0,0
2022-01-25,66,1,0,0,0
2022-01-26,81,0,0,0,0
2022-01-27,61,0,0,0,0
2022-01-28,63,2,0,0,0
2022-01-29,64,1,0,0,0
2022-01-30,89,2,0,0,0
2022-01-31,88,0,0,0,0
2022-02-01,103,1,0,0,0
2022-02-02,111,1,0,0,0
2022-02-03,96,2,0,0,0
2022-02-04,57,0,0,0,0
2022-02-05,75,0,0,0,0
2022-02-06,83,0,0,0,0
2022-02-07,134,2,0,0,0
2022-02-08,96,1,0,0,0
2022-02-09,117,1,0,0,0
2022-02-10,88,1,0,0,0
2022-02-11,63,1,0,0,0
2022-02-12,76,2,0,0,0
2022-02-13,114,2,0,0,0
2022-02-14,118,0,0,0,0
2022-02-15,106,5,0,0,0
2022-02-16,118,0,0,0,0
2022-02-17,143,3,0,0,0
2022-02-18,98,0,0,0,0
2022-02-19,70,1,0,0,0
2022-02-20,110,0,0,0,0
2022-02-21,118,3,0,0,0
2022-02-22,109,1,0,0,0
2022-02-23,143,2,0,0,0
2022-02-24,111,2,0,0,0
2022-02-25,110,2,0,0,0
2022-02-26,72,1,0,0,0
2022-02-27,91,1,0,0,0
2022-02-28,104,3,0,0,0
2022-03-01,154,2,0,0,0
2022-03-02,148,6,0,0,0
2022-03-03,109,6,0,0,0
2022-03-04,102,0,0,0,0
2022-03-05,106,0,0,0,0
2022-03-06,105,2,0,0,0
2022-03-07,131,4,0,0,0
2022-03-08,165,1,0,0,0
2022-03-09,170,3,0,0,0
2022-03-10,168,2,0,0,0
2022-03-11,119,0,0,0,0
2022-03-12,103,1,0,0,0
2022-03-13,139,1,0,0,0
2022-03-14,160,8,0,0,0
2022-03-15,159,3,0,0,0
2022-03-16,207,8,0,0,0
2022-03-17,110,3,0,0,0
2022-03-18,100,1,0,0,0
2022-03-19,116,2,0,0,0
2022-03-20,129,2,0,0,0
2022-03-21,153,5,0,0,0
2022-03-22,145,2,0,0,0
2022-03-23,157,4,0,0,0
2022-03-24,165,4,0,0,0
2022-03-25,130,3,0,0,0
2022-03-26,141,2,0,0,0
2022-03-27,151,2,0,0,0
2022-03-28,144,1,0,0,0
2022-03-29,182,5,0,0,0
2022-03-30,190,3,0,0,0
2022-03-31,154,2,0,0,0
2022-04-01,128,3,0,0,0
2022-04-02,130,4,0,0,0
2022-04-03,144,4,0,0,0
2022-04-04,180,12,0,0,0
2022-04-05,239,9,0,0,0
2022-04-06,265,14,0,0,0
2022-04-07,281,8,0,0,0
2022-04-08,195,13,0,0,0
2022-04-09,167,11,0,0,0
2022-04-10,234,22,0,0,0
2022-04-11,249,12,0,0,0
2022-04-12,230,16,0,0,0
2022-04-13,217,6,0,0,0
2022-04-14,192,1,0,0,0
2022-04-15,162,12,0,0,0
2022-04-16,115,2,0,0,0
2022-04-17,146,1,0,0,0
2022-04-18,150,1,0,0,0
2022-04-19,158,1,0,0,0
2022-04-20,154,-1,0,0,0
2022-04-21,163,3,0,0,0
2022-04-22,106,1,0,0,0
2022-04-23,117,1,0,0,0
2022-04-24,112,1,0,0,0
2022-04-25,174,1,0,0,0
2022-04-26,194,1,0,0,0
2022-04-27,168,2,0,0,0
2022-04-28,161,2,0,0,0
2022-04-29,168,1,0,0,0
2022-04-30,157,1,0,0,0
2022-05-01,97,2,0,0,0
2022-05-02,102,1,0,0,0
2022-05-03,204,12,0,0,0
2022-05-04,206,4,0,0,0
2022-05-05,240,9,0,0,0
2022-05-06,117,2,0,0,0
2022-05-07,221,17,0,0,0
2022-05-08,235,11,0,0,0
2022-05-09,318,21,0,0,0
2022-05-10,263,18,0,0,0
2022-05-11,287,11,0,0,0
2022-05-12,211,3,0,0,0
2022-05-13,156,3,0,0,0
2022-05-14,125,1,0,0,0
2022-05-15,214,8,0,0,0
2022-05-16,266,17,0,0,0
2022-05-17,205,3,0,0,0
2022-05-18,206,0,0,0,0
2022-05-19,144,3,0,0,0
2022-05-20,170,0,0,0,0
2022-05-21,152,3,0,0,0
2022-05-22,162,2,0,0,0
2022-05-23,234,4,0,0,0
2022-05-24,178,2,0,0,0
2022-05-25,204,8,0,0,0
2022-05-26,199,6,0,0,0
2022-05-27,134,1,0,0,0
2022-05-28,153,1,0,0,0
2022-05-29,179,5,0,0,0
2022-05-30,320,16,0,0,0
2022-05-31,235,4,0,0,0
2022-06-01,237,4,0,0,0
2022-06-02,189,2,0,0,0
2022-06-03,167,2,0,0,0
2022-06-04,138,0,0,0,0
2022-06-05,145,0,0,0,0
2022-06-06,192,1,0,0,0
2022-06-07,199,0,0,0,0
2022-06-08,174,3,0,0,0
2022-06-09,214,5,0,0,0
2022-06-10,148,2,0,0,0
2022-06-11,157,1,0,0,0
2022-06-12,162,1,0,0,0
2022-06-13,194,1,0,0,0
2022-06-14,248,5,0,0,0
2022-06-15,233,2,0,0,0
2022-06-16,200,2,0,0,0
2022-06-17,167,3,0,0,0
2022-06-18,139,2,0,0,0
2022-06-19,177,1,0,0,0
2022-06-20,158,2,0,0,0
2022-06-21,188,2,0,0,0
2022-06-22,227,2,0,0,0
2022-06-23,237,3,0,0,0
2022-06-24,202,1,0,0,0
2022-06-25,211,2,0,0,0
2022-06-26,213,3,0,0,0
2022-06-27,234,3,0,0,0
2022-06-28,194,0,0,0,0
2022-06-29,206,-1,0,0,0
2022-06-30,207,18,0,0,0
2022-07-01,142,2,0,0,0
2022-07-02,191,6,0,0,0
2022-07-03,171,3,0,0,0
2022-07-04,275,5,0,0,0
2022-07-05,167,2,0,0,0
2022-07-06,196,3,0,0,0
2022-07-07,219,1,0,0,0
2022-07-08,128,4,0,0,0
2022-07-09,81,1,0,0,0
2022-07-10,106,2,0,0,0
2022-07-11,119,1,0,0,0
2022-07-12,163,1,0,0,0
2022-07-13,163,2,0,0,0
2022-07-14,176,1,0,0,0
2022-07-15,176,1,0,0,0
2022-07-16,168,2,0,0,0
2022-07-17,233,16,0,0,0
2022-07-18,203,0,0,0,0
2022-07-19,208,0,0,0,0
2022-07-20,228,2,0,0,0
2022-07-21,169,2,0,0,0
2022-07-22,154,3,0,0,0
2022-07-23,148,1,0,0,0
2022-07-24,189,2,0,0,0
2022-07-25,249,3,0,0,0
2022-07-26,217,2,0,0,0
2022-07-27,218,1,0,0,0
2022-07-28,183,0,0,0,0
2022-07-29,151,1,0,0,0
2022-07-30,137,1,0,0,0
2022-07-31,156,1,0,0,0
2022-08-01,175,3,0,0,0
2022-08-02,204,2,0,0,0
2022-08-03,187,0,0,0,0
2022-08-04,163,2,0,0,0
2022-08-05,164,3,0,0,0
2022-08-06,166,3,0,0,0
2022-08-07,179,0,0,0,0
2022-08-08,171,0,0,0,0
2022-08-09,201,2,0,0,0
2022-08-10,183,1,0,0,0
2022-08-11,184,5,0,0,0
2022-08-12,110,1,0,0,0
2022-08-13,130,0,0,0,0
2022-08-14,137,2,0,0,0
2022-08-15,185,1,0,0,0
2022-08-16,175,1,0,0,0
2022-08-17,153,1,0,0,0
2022-08-18,188,3,0,0,0
2022-08-19,179,2,0,0,0
2022-08-20,155,3,0,0,0
2022-08-21,153,1,0,0,0
2022-08-22,157,1,0,0,0
2022-08-23,230,11,0,0,0
2022-08-24,210,3,0,0,0
2022-08-25,196,15,0,0,0
2022-08-26,205,1,0,0,0
2022-08-27,227,15,0,0,0
2022-08-28,239,4,0,0,0
2022-08-29,281,6,0,0,0
2022-08-30,199,0,0,0,0
2022-08-31,291,13,0,0,0
2022-09-01,265,9,0,0,0
2022-09-02,203,7,0,0,0
2022-09-03,193,6,0,0,0
2022-09-04,222,7,0,0,0
2022-09-05,263,6,0,0,0
2022-09-06,263,1,0,0,0
2022-09-07,293,6,0,0,0
2022-09-08,293,3,0,0,0
2022-09-09,238,3,0,0,0
2022-09-10,248,8,0,0,0
2022-09-11,225,4,0,0,0
2022-09-12,296,3,0,0,0
2022-09-13,292,5,0,0,0
2022-09-14,284,3,0,0,0
2022-09-15,224,1,0,0,0
2022-09-16,213,4,0,0,0
2022-09-17,183,8,0,0,0
2022-09-18,277,13,0,0,0
2022-09-19,294,3,0,0,0
2022-09-20,311,3,0,0,0
2022-09-21,325,19,0,0,0
2022-09-22,255,5,0,0,0
2022-09-23,211,1,0,0,0
2022-09-24,168,3,0,0,0
2022-09-25,228,8,0,0,0
2022-09-26,270,4,0,0,0
2022-09-27,254,4,0,0,0
2022-09-28,257,0,0,0,0
2022-09-29,260,4,0,0,0
2022-09-30,226,1,0,0,0
2022-10-01,166,3,0,0,0
2022-10-02,236,6,0,0,0
2022-10-03,261,3,0,0,0
2022-10-04,249,2,0,0,0
2022-10-05,258,6,0,0,0
2022-10-06,385,5,0,0,0
2022-10-07,251,4,0,0,0
2022-10-08,246,5,0,0,0
2022-10-09,189,1,0,0,0
2022-10-10,284,4,0,0,0
2022-10-11,289,1,0,0,0
2022-10-12,305,2,0,0,0
2022-10-13,328,7,0,0,0
2022-10-14,253,4,0,0,0
2022-10-15,226,2,0,0,0
2022-10-16,229,3,0,0,0
2022-10-17,325,13,0,0,0
2022-10-18,313,7,0,0,0
2022-10-19,357,11,0,0,0
2022-10-20,328,4,0,0,0
2022-10-21,204,0,0,0,0
2022-10-22,224,8,0,0,0
2022-10-23,268,6,0,0,0
2022-10-24,286,7,0,0,0
2022-10-25,378,6,0,0,0
2022-10-26,370,4,0,0,0
2022-10-27,339,6,0,0,0
2022-10-28,284,6,0,0,0
2022-10-29,242,8,0,0,0
2022-10-30,291,5,0,0,0
2022-10-31,334,3,0,0,0
2022-11-01,358,1,0,0,0
2022-11-02,341,1,0,0,0
2022-11-03,289,5,0,0,0
2022-11-04,258,3,0,0,0
2022-11-05,221,1,0,0,0
2022-11-06,305,4,0,0,0
2022-11-07,317,8,0,0,0
2022-11-08,309,7,0,0,0
2022-11-09,287,3,0,0,0
2022-11-10,275,4,0,0,0
2022-11-11,281,1,0,0,0
2022-11-12,227,3,0,0,0
2022-11-13,282,4,0,0,0
2022-11-14,333,6,0,0,0
2022-11-15,317,3,0,0,0
2022-11-16,350,2,0,0,0
2022-11-17,288,1,0,0,0
2022-11-18,249,5,0,0,0
2022-11-19,181,1,0,0,0
2022-11-20,288,3,0,0,0
2022-11-21,291,4,0,0,0
2022-11-22,276,1,0,0,0
2022-11-23,286,3,0,0,0
2022-11-24,243,3,0,0,0
2022-11-25,231,2,0,0,0
2022-11-26,265,3,0,0,0
2022-11-27,289,4,0,0,0
2022-11-28,286,5,0,0,0
2022-11-29,297,6,0,0,0
2022-11-30,314,8,0,0,0
2022-12-01,252,4,0,0,0
2022-12-02,220,1,0,0,0
2022-12-03,204,2,0,0,0
2022-12-04,230,2,0,0,0
2022-12-05,276,4,0,0,0
2022-12-06,271,3,0,0,0
2022-12-07,324,3,0,0,0
2022-12-08,294,1,0,0,0
2022-12-09,211,3,0,0,0
2022-12-10,198,6,0,0,0
2022-12-11,263,2,0,0,0
2022-12-12,336,0,0,0,0
2022-12-13,303,3,0,0,0
2022-12-14,312,6,0,0,0
2022-12-15,262,3,0,0,0
2022-12-16,248,0,0,0,0
2022-12-17,184,0,0,0,0
2022-12-18,182,2,0,0,0
2022-12-19,288,2,0,0,0
2022-12-20,262,3,0,0,0
2022-12-21,200,3,0,0,0
2022-12-22,205,1,0,0,0
2022-12-23,192,3,0,0,0
2022-12-24,172,2,0,0,0
2022-12-25,147,0,0,0,0
2022-12-26,171,1,0,0,0
2022-12-27,211,5,0,0,0
2022-12-28,222,1,0,0,0
2022-12-29,185,4,0,0,0
2022-12-30,143,2,0,0,0
2022-12-31,123,0,0,0,0
2023-01-01,213,2,0,0,0
2023-01-02,236,3,0,0,0
2023-01-03,274,5,0,0,0
2023-01-04,259,1,0,0,0
2023-01-05,243,3,0,0,0
2023-01-06,216,4,0,0,0
2023-01-07,190,3,0,0,0
2023-01-08,227,2,0,0,0
2023-01-09,299,3,0,0,0
2023-01-10,292,7,0,0,0
2023-01-11,285,3,0,0,0
2023-01-12,318,2,0,0,0
2023-01-13,223,3,0,0,0
2023-01-14,195,4,0,0,0
2023-01-15,192,4,0,0,0
2023-01-16,304,3,0,0,0
2023-01-17,340,3,0,0,0
2023-01-18,341,6,0,0,0
2023-01-19,290,2,0,0,0
2023-01-20,290,2,0,0,0
2023-01-21,237,5,0,0,0
2023-01-22,289,1,0,0,0
2023-01-23,344,3,0,0,0
2023-01-24,384,1,0,0,0
2023-01-25,463,6,0,0,0
2023-01-26,283,5,0,0,0
2023-01-27,253,2,0,0,0
2023-01-28,251,4,0,0,0
2023-01-29,276,0,0,0,0
2023-01-30,346,4,0,0,0
2023-01-31,369,3,0,0,0
2023-02-01,339,2,0,0,0
2023-02-02,342,6,0,0,0
2023-02-03,306,1,0,0,0
2023-02-04,281,2,0,0,0
2023-02-05,300,2,0,0,0
2023-02-06,380,6,0,0,0
2023-02-07,382,5,0,0,0
2023-02-08,350,4,0,0,0
2023-02-09,346,1,0,0,0
2023-02-10,308,3,0,0,0
2023-02-11,271,2,0,0,0
2023-02-12,280,8,0,0,0
2023-02-13,351,7,0,0,0
2023-02-14,330,5,0,0,0
2023-02-15,346,2,0,0,0
2023-02-16,354,3,0,0,0
2023-02-17,321,2,0,0,0
2023-02-18,290,-1,0,0,0
2023-02-19,337,1,0,0,0
2023-02-20,405,3,0,0,0
2023-02-21,460,6,0,0,0
2023-02-22,408,-1,0,0,0
2023-02-23,363,3,0,0,0
2023-02-24,358,3,0,0,0
2023-02-25,299,7,0,0,0
2023-02-26,425,4,0,0,0
2023-02-27,384,3,0,0,0
2023-02-28,447,3,0,0,0
2023-03-01,456,4,0,0,0
2023-03-02,392,4,0,0,0
2023-03-03,304,2,0,0,0
2023-03-04,296,5,0,0,0
2023-03-05,392,1,0,0,0
2023-03-06,387,3,0,0,0
2023-03-07,348,3,0,0,0
2023-03-08,349,3,0,0,0
2023-03-09,432,4,0,0,0
2023-03-10,328,3,0,0,0
2023-03-11,318,3,0,0,0
2023-03-12,336,1,0,0,0
2023-03-13,409,3,0,0,0
2023-03-14,425,2,0,0,0
2023-03-15,423,3,0,0,0
2023-03-16,369,3,0,0,0
2023-03-17,306,2,0,0,0
2023-03-18,280,4,0,0,0
2023-03-19,346,4,0,0,0
2023-03-20,406,5,0,0,0
2023-03-21,482,3,0,0,0
2023-03-22,459,7,0,0,0
2023-03-23,412,4,0,0,0
2023-03-24,300,2,0,0,0
2023-03-25,325,6,0,0,0
2023-03-26,300,2,0,0,0
2023-03-27,384,5,0,0,0
2023-03-28,409,4,0,0,0
2023-03-29,360,3,0,0,0
2023-03-30,322,3,0,0,0
2023-03-31,285,1,0,0,0
2023-04-01,256,3,0,0,0
2023-04-02,353,2,0,0,0
2023-04-03,417,3,0,0,0
2023-04-04,371,3,0,0,0
2023-04-05,389,3,0,0,0
2023-04-06,332,3,0,0,0
2023-04-07,320,3,0,0,0
2023-04-08,290,4,0,0,0
2023-04-09,318,3,0,0,0
2023-04-10,365,2,0,0,0
2023-04-11,406,5,0,0,0
2023-04-12,407,6,0,0,0
2023-04-13,339,5,0,0,0
2023-04-14,304,5,0,0,0
2023-04-15,264,7,0,0,0
2023-04-16,269,2,0,0,0
2023-04-17,375,5,0,0,0
2023-04-18,376,1,0,0,0
2023-04-19,396,2,0,0,0
2023-04-20,332,1,0,0,0
2023-04-21,203,1,0,0,0
2023-04-22,232,3,0,0,0
2023-04-23,316,2,0,0,0
2023-04-24,316,3,0,0,0
2023-04-25,381,2,0,0,0
2023-04-26,338,1,0,0,0
2023-04-27,392,6,0,0,0
2023-04-28,267,1,0,0,0
2023-04-29,245,3,0,0,0
2023-04-30,331,2,0,0,0
2023-05-01,397,3,0,0,0
2023-05-02,417,3,0,0,0
2023-05-03,371,3,0,0,0
2023-05-04,379,5,0,0,0
2023-05-05,345,1,0,0,0
2023-05-06,287,1,0,0,0
2023-05-07,337,3,0,0,0
2023-05-08,378,1,0,0,0
2023-05-09,415,5,0,0,0
2023-05-10,416,1,0,0,0
2023-05-11,470,3,0,0,0
2023-05-12,286,4,0,0,0
2023-05-13,256,0,0,0,0
2023-05-14,302,2,0,0,0
2023-05-15,398,4,0,0,0
2023-05-16,476,4,0,0,0
2023-05-17,394,2,0,0,0
2023-05-18,408,0,0,0,0
2023-05-19,358,4,0,0,0
2023-05-20,328,2,0,0,0
2023-05-21,365,4,0,0,0
2023-05-22,433,5,0,0,0
2023-05-23,414,10,0,0,0
2023-05-24,394,2,0,0,0
2023-05-25,420,5,0,0,0
2023-05-26,313,2,0,0,0
2023-05-27,292,1,0,0,0
2023-05-28,290,2,0,0,0
2023-05-29,377,6,0,0,0
2023-05-30,366,5,0,0,0
2023-05-31,389,6,0,0,0
2023-06-01,393,4,0,0,0
2023-06-02,330,4,0,0,0
2023-06-03,255,1,0,0,0
2023-06-04,375,5,0,0,0
2023-06-05,459,5,0,0,0
2023-06-06,410,3,0,0,0
2023-06-07,346,0,0,0,0
2023-06-08,361,2,0,0,0
2023-06-09,278,2,0,0,0
2023-06-10,265,1,0,0,0
2023-06-11,356,1,0,0,0
2023-06-12,358,6,0,0,0
2023-06-13,346,3,0,0,0
2023-06-14,360,1,0,0,0
2023-06-15,291,1,0,0,0
2023-06-16,299,3,0,0,0
2023-06-17,321,3,0,0,0
2023-06-18,269,2,0,0,0
2023-06-19,353,2,0,0,0
2023-06-20,311,2,0,0,0
2023-06-21,310,2,0,0,0
2023-06-22,296,5,0,0,0
2023-06-23,232,3,0,0,0
2023-06-24,227,4,0,0,0
2023-06-25,307,-1,0,0,0
2023-06-26,288,3,0,0,0
2023-06-27,299,3,0,0,0
2023-06-28,246,7,0,0,0
2023-06-29,257,3,0,0,0
2023-06-30,243,5,0,0,0
2023-07-01,230,1,0,0,0
2023-07-02,244,0,0,0,0
2023-07-03,299,5,0,0,0
2023-07-04,335,3,0,0,0
2023-07-05,315,2,0,0,0
2023-07-06,310,5,0,0,0
2023-07-07,257,2,0,0,0
2023-07-08,249,4,0,0,0
2023-07-09,269,5,0,0,0
2023-07-10,331,3,0,0,0
2023-07-11,346,2,0,0,0
2023-07-12,312,3,0,0,0
2023-07-13,284,3,0,0,0
2023-07-14,290,2,0,0,0
2023-07-15,281,2,0,0,0
2023-07-16,249,4,0,0,0
2023-07-17,340,3,0,0,0
2023-07-18,278,0,0,0,0
2023-07-19,355,3,0,0,0
2023-07-20,260,0,0,0,0
2023-07-21,270,4,0,0,0
2023-07-22,238,1,0,0,0
2023-07-23,267,4,0,0,0
2023-07-24,318,3,0,0,0
2023-07-25,351,3,0,0,0
2023-07-26,280,0,0,0,0
2023-07-27,263,5,0,0,0
2023-07-28,228,4,0,0,0
2023-07-29,197,4,0,0,0
2023-07-30,282,6,0,0,0
2023-07-31,294,3,0,0,0
2023-08-01,295,2,0,0,0
2023-08-02,305,2,0,0,0
2023-08-03,262,2,0,0,0
2023-08-04,245,3,0,0,0
2023-08-05,170,1,0,0,0
2023-08-06,210,4,0,0,0
2023-08-07,251,3,0,0,0
2023-08-08,305,3,0,0,0
2023-08-09,233,5,0,0,0
2023-08-10,232,2,0,0,0
2023-08-11,228,-1,0,0,0
2023-08-12,204,4,0,0,0
2023-08-13,302,5,0,0,0
2023-08-14,276,0,0,0,0
2023-08-15,255,2,0,0,0
2023-08-16,277,1,0,0,0
2023-08-17,276,3,0,0,0
2023-08-18,244,3,0,0,0
2023-08-19,218,3,0,0,0
2023-08-20,248,2,0,0,0
2023-08-21,262,1,0,0,0
2023-08-22,300,5,0,0,0
2023-08-23,280,2,0,0,0
2023-08-24,292,3,0,0,0
2023-08-25,198,0,0,0,0
2023-08-26,192,0,0,0,0
2023-08-27,254,1,0,0,0
2023-08-28,244,2,0,0,0
2023-08-29,275,1,0,0,0
2023-08-30,272,5,0,0,0
2023-08-31,271,0,0,0,0
2023-09-01,222,1,0,0,0
2023-09-02,177,0,0,0,0
2023-09-03,224,2,0,0,0
2023-09-04,264,3,0,0,0
2023-09-05,269,5,0,0,0
2023-09-06,251,2,0,0,0
2023-09-07,257,5,0,0,0
2023-09-08,268,6,0,0,0
2023-09-09,275,2,0,0,0
2023-09-10,272,6,0,0,0
2023-09-11,294,3,0,0,0
2023-09-12,257,0,0,0,0
2023-09-13,296,1,0,0,0
2023-09-14,343,8,0,0,0
2023-09-15,265,0,0,0,0
2023-09-16,222,5,0,0,0
2023-09-17,265,7,0,0,0
2023-09-18,301,2,0,0,0
2023-09-19,373,4,0,0,0
2023-09-20,303,6,0,0,0
2023-09-21,326,2,0,0,0
2023-09-22,306,2,0,0,0
2023-09-23,233,3,0,0,0
2023-09-24,300,3,0,0,0
2023-09-25,343,2,0,0,0
2023-09-26,368,1,0,0,0
2023-09-27,309,1,0,0,0
2023-09-28,318,3,0,0,0
2023-09-29,249,5,0,0,0
2023-09-30,209,0,0,0,0
2023-10-01,270,3,0,0,0
2023-10-02,340,1,0,0,0
2023-10-03,349,4,0,0,0
2023-10-04,387,5,0,0,0
2023-10-05,312,3,0,0,0
2023-10-06,226,1,0,0,0
2023-10-07,271,2,0,0,0
2023-10-08,270,1,0,0,0
2023-10-09,353,3,0,0,0
2023-10-10,387,2,0,0,0
2023-10-11,346,6,0,0,0
2023-10-12,348,6,0,0,0
2023-10-13,283,1,0,0,0
2023-10-14,244,0,0,0,0
2023-10-15,287,6,0,0,0
2023-10-16,411,2,0,0,0
2023-10-17,362,3,0,0,0
2023-10-18,350,1,0,0,0
2023-10-19,335,3,0,0,0
2023-10-20,262,2,0,0,0
2023-10-21,265,1,0,0,0
2023-10-22,310,6,0,0,0
2023-10-23,312,1,0,0,0
2023-10-24,332,1,0,0,0
2023-10-25,371,5,0,0,0
2023-10-26,323,5,0,0,0
2023-10-27,282,1,0,0,0
2023-10-28,228,2,0,0,0
2023-10-29,311,0,0,0,0
2023-10-30,358,2,0,0,0
2023-10-31,357,4,0,0,0
2023-11-01,343,2,0,0,0
2023-11-02,368,6,0,0,0
2023-11-03,259,6,0,0,0
2023-11-04,261,3,0,0,0
2023-11-05,320,1,0,0,0
2023-11-06,412,2,0,0,0
2023-11-07,374,0,0,0,0
2023-11-08,377,0,0,0,0
2023-11-09,345,0,0,0,0
2023-11-10,267,5,0,0,0
2023-11-11,243,2,0,0,0
2023-11-12,286,3,0,0,0
2023-11-13,339,-1,0,0,0
2023-11-14,310,3,0,0,0
2023-11-15,374,4,0,0,0
2023-11-16,364,4,0,0,0
2023-11-17,288,1,0,0,0
2023-11-18,243,2,0,0,0
2023-11-19,284,0,0,0,0
2023-11-20,362,2,0,0,0
2023-11-21,393,2,0,0,0
2023-11-22,340,4,0,0,0
2023-11-23,306,0,0,0,0
2023-11-24,240,3,0,0,0
2023-11-25,278,-1,0,0,0
2023-11-26,329,4,0,0,0
2023-11-27,422,3,0,0,0
2023-11-28,361,1,0,0,0
2023-11-29,393,4,0,0,0
2023-11-30,302,2,0,0,0
2023-12-01,286,3,0,0,0
2023-12-02,314,4,0,0,0
2023-12-03,345,3,0,0,0
2023-12-04,394,2,0,0,0
2023-12-05,364,2,0,0,0
2023-12-06,331,3,0,0,0
2023-12-07,320,1,0,0,0
2023-12-08,256,1,0,0,0
2023-12-09,263,3,0,0,0
2023-12-10,346,3,0,0,0
2023-12-11,373,2,0,0,0
2023-12-12,356,2,0,0,0
2023-12-13,381,4,0,0,0
2023-12-14,326,4,0,0,0
2023-12-15,290,5,0,0,0
2023-12-16,239,2,0,0,0
2023-12-17,309,2,0,0,0
2023-12-18,328,1,0,0,0
2023-12-19,275,0,0,0,0
2023-12-20,306,2,0,0,0
2023-12-21,304,3,0,0,0
2023-12-22,211,1,0,0,0
2023-12-23,172,-3,0,0,0
2023-12-24,201,0,0,0,0
2023-12-25,194,1,0,0,0
2023-12-26,228,1,0,0,0
2023-12-27,213,2,0,0,0
2023-12-28,260,3,0,0,0
2023-12-29,195,1,0,0,0
2023-12-30,172,1,0,0,0
2023-12-31,184,1,0,0,0
2024-01-01,275,2,0,0,0
2024-01-02,283,4,0,0,0
2024-01-03,277,1,0,0,0
2024-01-04,336,2,0,0,0
2024-01-05,244,3,0,0,0
2024-01-06,226,3,0,0,0
2024-01-07,271,4,0,0,0
2024-01-08,341,2,0,0,0
2024-01-09,302,5,0,0,0
2024-01-10,353,1,0,0,0
2024-01-11,305,2,0,0,0
2024-01-12,281,4,0,0,0
2024-01-13,265,2,0,0,0
2024-01-14,289,5,0,0,0
2024-01-15,326,5,0,0,0
2024-01-16,387,0,0,0,0
2024-01-17,359,4,0,0,0
2024-01-18,366,3,0,0,0
2024-01-19,303,4,0,0,0
2024-01-20,260,3,0,0,0
2024-01-21,362,3,0,0,0
2024-01-22,398,3,0,0,0
2024-01-23,383,2,0,0,0
2024-01-24,338,4,0,0,0
2024-01-25,322,3,0,0,0
2024-01-26,287,4,0,0,0
2024-01-27,228,1,0,0,0
2024-01-28,319,5,0,0,0
2024-01-29,368,1,0,0,0
2024-01-30,365,1,0,0,0
2024-01-31,363,3,0,0,0
2024-02-01,428,3,0,0,0
2024-02-02,322,5,0,0,0
2024-02-03,302,1,0,0,0
2024-02-04,303,3,0,0,0
2024-02-05,313,6,0,0,0
2024-02-06,380,0,0,0,0
2024-02-07,352,1,0,0,0
2024-02-08,267,2,0,0,0
2024-02-09,248,3,0,0,0
2024-02-10,252,3,0,0,0
2024-02-11,338,2,0,0,0
2024-02-12,330,5,0,0,0
2024-02-13,336,5,0,0,0
2024-02-14,302,3,0,0,0
2024-02-15,343,5,0,0,0
2024-02-16,329,5,0,0,0
2024-02-17,286,-1,0,0,0
2024-02-18,369,2,0,0,0
2024-02-19,387,5,0,0,0
2024-02-20,362,3,0,0,0
2024-02-21,334,3,0,0,0
2024-02-22,350,4,0,0,0
2024-02-23,277,2,0,0,0
2024-02-24,257,2,0,0,0
2024-02-25,335,6,0,0,0
2024-02-26,336,0,0,0,0
2024-02-27,322,3,0,0,0
2024-02-28,346,2,0,0,0
2024-02-29,306,4,0,0,0
2024-03-01,267,2,0,0,0
2024-03-02,238,0,0,0,0
2024-03-03,302,4,0,0,0
2024-03-04,377,5,0,0,0
2024-03-05,340,1,0,0,0
2024-03-06,408,1,0,0,0
2024-03-07,308,1,0,0,0
2024-03-08,220,2,0,0,0
2024-03-09,247,0,0,0,0
2024-03-10,302,3,0,0,0
2024-03-11,358,4,0,0,0
2024-03-12,362,0,0,0,0
2024-03-13,361,5,0,0,0
2024-03-14,316,1,0,0,0
2024-03-15,231,2,0,0,0
2024-03-16,251,7,0,0,0
2024-03-17,345,2,0,0,0
2024-03-18,343,4,0,0,0
2024-03-19,410,2,0,0,0
2024-03-20,385,4,0,0,0
2024-03-21,309,1,0,0,0
2024-03-22,254,2,0,0,0
2024-03-23,241,3,0,0,0
2024-03-24,241,2,0,0,0
2024-03-25,312,2,0,0,0
2024-03-26,337,5,0,0,0
2024-03-27,340,4,0,0,0
2024-03-28,324,8,0,0,0
2024-03-29,234,1,0,0,0
2024-03-30,235,1,0,0,0
2024-03-31,342,3,0,0,0
2024-04-01,353,3,0,0,0
2024-04-02,387,2,0,0,0
2024-04-03,326,7,0,0,0
2024-04-04,294,0,0,0,0
2024-04-05,273,5,0,0,0
2024-04-06,236,2,0,0,0
2024-04-07,221,0,0,0,0
2024-04-08,321,2,0,0,0
2024-04-09,290,2,0,0,0
2024-04-10,254,2,0,0,0
2024-04-11,311,6,0,0,0
2024-04-12,252,0,0,0,0
2024-04-13,200,1,0,0,0
2024-04-14,238,1,0,0,0
2024-04-15,301,3,0,0,0
2024-04-16,327,1,0,0,0
2024-04-17,353,6,0,0,0
2024-04-18,292,6,0,0,0
2024-04-19,294,0,0,0,0
2024-04-20,202,3,0,0,0
2024-04-21,297,3,0,0,0
2024-04-22,337,0,0,0,0
2024-04-23,375,2,0,0,0
2024-04-24,348,9,0,0,0
2024-04-25,304,0,0,0,0
2024-04-26,305,2,0,0,0
2024-04-27,305,2,0,0,0
2024-04-28,301,3,0,0,0
2024-04-29,325,2,0,0,0
2024-04-30,277,2,0,0,0
2024-05-01,338,4,0,0,0
2024-05-02,370,1,0,0,0
2024-05-03,259,3,0,0,0
2024-05-04,241,4,0,0,0
2024-05-05,241,2,0,0,0
2024-05-06,310,1,0,0,0
2024-05-07,329,5,0,0,0
2024-05-08,337,2,0,0,0
2024-05-09,342,5,0,0,0
2024-05-10,247,1,0,0,0
2024-05-11,288,5,0,0,0
2024-05-12,315,0,0,0,0
2024-05-13,416,2,0,0,0
2024-05-14,422,2,0,0,0
2024-05-15,386,1,0,0,0
2024-05-16,351,2,0,0,0
2024-05-17,249,1,0,0,0
2024-05-18,288,0,0,0,0
2024-05-19,286,5,0,0,0
2024-05-20,325,3,0,0,0
2024-05-21,319,3,0,0,0
2024-05-22,340,4,0,0,0
2024-05-23,341,1,0,0,0
2024-05-24,270,7,0,0,0
2024-05-25,267,1,0,0,0
2024-05-26,341,3,0,0,0
2024-05-27,287,2,0,0,0
2024-05-28,352,4,0,0,0
2024-05-29,337,3,0,0,0
2024-05-30,321,3,0,0,0
2024-05-31,265,3,0,0,0
2024-06-01,278,0,0,0,0
2024-06-02,287,2,0,0,0
2024-06-03,350,1,0,0,0
2024-06-04,325,0,0,0,0
2024-06-05,322,2,0,0,0
2024-06-06,334,4,0,0,0
2024-06-07,315,1,0,0,0
2024-06-08,273,0,0,0,0
2024-06-09,276,5,0,0,0
2024-06-10,291,3,0,0,0
2024-06-11,314,3,0,0,0
2024-06-12,286,2,0,0,0
2024-06-13,299,2,0,0,0
2024-06-14,225,6,0,0,0
2024-06-15,183,2,0,0,0
2024-06-16,175,-1,0,0,0
2024-06-17,213,1,0,0,0
2024-06-18,252,1,0,0,0
2024-06-19,267,0,0,0,0
2024-06-20,281,4,0,0,0
2024-06-21,234,1,0,0,0
2024-06-22,247,6,0,0,0
2024-06-23,249,2,0,0,0
2024-06-24,281,4,0,0,0
2024-06-25,279,1,0,0,0
2024-06-26,299,4,0,0,0
2024-06-27,239,3,0,0,0
2024-06-28,214,0,0,0,0
2024-06-29,218,3,0,0,0
2024-06-30,231,4,0,0,0
2024-07-01,277,2,0,0,0
2024-07-02,280,0,0,0,0
2024-07-03,231,6,0,0,0
2024-07-04,286,0,0,0,0
2024-07-05,219,2,0,0,0
2024-07-06,226,2,0,0,0
2024-07-07,241,0,0,0,0
2024-07-08,325,1,0,0,0
2024-07-09,300,0,0,0,0
2024-07-10,270,1,0,0,0
2024-07-11,270,2,0,0,0
2024-07-12,240,3,0,0,0
2024-07-13,216,4,0,0,0
2024-07-14,207,0,0,0,0
2024-07-15,283,-1,0,0,0
2024-07-16,265,3,0,0,0
2024-07-17,274,4,0,0,0
2024-07-18,274,3,0,0,0
2024-07-19,246,2,0,0,0
2024-07-20,132,0,0,0,0
2024-07-21,181,3,0,0,0
2024-07-22,267,3,0,0,0
2024-07-23,279,1,0,0,0
2024-07-24,245,3,0,0,0
2024-07-25,280,2,0,0,0
2024-07-26,195,0,0,0,0
2024-07-27,152,2,0,0,0
2024-07-28,206,2,0,0,0
2024-07-29,243,4,0,0,0
2024-07-30,291,5,0,0,0
2024-07-31,238,1,0,0,0
2024-08-01,208,1,0,0,0
2024-08-02,201,4,0,0,0
2024-08-03,189,0,0,0,0
2024-08-04,219,3,0,0,0
2024-08-05,273,3,0,0,0
2024-08-06,232,1,0,0,0
2024-08-07,260,3,0,0,0
2024-08-08,291,2,0,0,0
2024-08-09,210,0,0,0,0
2024-08-10,224,3,0,0,0
2024-08-11,228,5,0,0,0
2024-08-12,264,3,0,0,0
2024-08-13,225,0,0,0,0
2024-08-14,280,3,0,0,0
2024-08-15,222,3,0,0,0
2024-08-16,244,2,0,0,0
2024-08-17,175,3,0,0,0
2024-08-18,180,1,0,0,0
2024-08-19,245,1,0,0,0
2024-08-20,278,1,0,0,0
2024-08-21,311,5,0,0,0
2024-08-22,268,0,0,0,0
2024-08-23,221,1,0,0,0
2024-08-24,184,1,0,0,0
2024-08-25,196,2,0,0,0
2024-08-26,226,4,0,0,0
2024-08-27,322,3,0,0,0
2024-08-28,302,0,0,0,0
2024-08-29,243,2,0,0,0
2024-08-30,161,3,0,0,0
2024-08-31,177,2,0,0,0
2024-09-01,229,1,0,0,0
2024-09-02,278,1,0,0,0
2024-09-03,265,3,0,0,0
2024-09-04,273,3,0,0,0
2024-09-05,311,3,0,0,0
2024-09-06,209,5,0,0,0
2024-09-07,187,2,0,0,0
2024-09-08,238,0,0,0,0
2024-09-09,291,2,0,0,0
2024-09-10,300,5,0,0,0
2024-09-11,332,3,0,0,0
2024-09-12,250,1,0,0,0
2024-09-13,176,5,0,0,0
2024-09-14,222,2,0,0,0
2024-09-15,294,2,0,0,0
2024-09-16,269,1,0,0,0
2024-09-17,287,3,0,0,0
2024-09-18,306,0,0,0,0
2024-09-19,308,3,0,0,0
2024-09-20,246,0,0,0,0
2024-09-21,264,2,0,0,0
2024-09-22,282,4,0,0,0
2024-09-23,297,0,0,0,0
2024-09-24,251,6,0,0,0
2024-09-25,302,1,0,0,0
2024-09-26,285,2,0,0,0
2024-09-27,202,1,0,0,0
2024-09-28,226,3,0,0,0
2024-09-29,264,3,0,0,0
2024-09-30,296,3,0,0,0
2024-10-01,261,3,0,0,0
2024-10-02,286,2,0,0,0
2024-10-03,295,2,0,0,0
2024-10-04,231,3,0,0,0
2024-10-05,202,2,0,0,0
2024-10-06,254,3,0,0,0
2024-10-07,304,3,0,0,0
2024-10-08,303,3,0,0,0
2024-10-09,299,2,0,0,0
2024-10-10,245,5,0,0,0
2024-10-11,221,1,0,0,0
2024-10-12,200,1,0,0,0
2024-10-13,229,4,0,0,0
2024-10-14,321,1,0,0,0
2024-10-15,326,3,0,0,0
2024-10-16,310,3,0,0,0
2024-10-17,314,1,0,0,0
2024-10-18,246,3,0,0,0
2024-10-19,201,3,0,0,0
2024-10-20,241,3,0,0,0
2024-10-21,317,5,0,0,0
2024-10-22,315,5,0,0,0
2024-10-23,250,2,0,0,0
2024-10-24,262,5,0,0,0
2024-10-25,242,0,0,0,0
2024-10-26,182,1,0,0,0
2024-10-27,271,10,0,0,0
2024-10-28,301,4,0,0,0
2024-10-29,250,1,0,0,0
2024-10-30,273,2,0,0,0
2024-10-31,234,0,0,0,0
2024-11-01,188,1,0,0,0
2024-11-02,214,1,0,0,0
2024-11-03,265,2,0,0,0
2024-11-04,250,2,0,0,0
2024-11-05,255,1,0,0,0
2024-11-06,264,6,0,0,0
2024-11-07,281,3,0,0,0
2024-11-08,243,2,0,0,0
2024-11-09,232,2,0,0,0
2024-11-10,265,2,0,0,0
2024-11-11,312,1,0,0,0
2024-11-12,287,3,0,0,0
2024-11-13,290,4,0,0,0
2024-11-14,280,3,0,0,0
2024-11-15,228,1,0,0,0
2024-11-16,220,1,0,0,0
2024-11-17,235,1,0,0,0
2024-11-18,302,0,0,0,0
2024-11-19,278,5,0,0,0
2024-11-20,311,4,0,0,0
2024-11-21,242,2,0,0,0
2024-11-22,176,0,0,0,0
2024-11-23,193,1,0,0,0
2024-11-24,233,1,0,0,0
2024-11-25,262,4,0,0,0
2024-11-26,241,4,0,0,0
2024-11-27,242,3,0,0,0
2024-11-28,197,0,0,0,0
2024-11-29,174,3,0,0,0
2024-11-30,213,2,0,0,0
2024-12-01,208,2,0,0,0
2024-12-02,258,2,0,0,0
2024-12-03,270,1,0,0,0
2024-12-04,270,2,0,0,0
2024-12-05,264,0,0,0,0
2024-12-06,230,1,0,0,0
2024-12-07,178,1,0,0,0
2024-12-08,222,0,0,0,0
2024-12-09,272,0,0,0,0
2024-12-10,279,5,0,0,0
2024-12-11,245,1,0,0,0
2024-12-12,173,1,0,0,0
2024-12-13,184,2,0,0,0
2024-12-14,198,1,0,0,0
2024-12-15,213,1,0,0,0
2024-12-16,222,0,0,0,0
2024-12-17,259,-2,0,0,0
2024-12-18,256,3,0,0,0
2024-12-19,214,3,0,0,0
2024-12-20,134,2,0,0,0
2024-12-21,145,-2,0,0,0
2024-12-22,160,5,0,0,0
2024-12-23,139,3,0,0,0
2024-12-24,124,3,0,0,0
2024-12-25,151,2,0,0,0
2024-12-26,137,3,0,0,0
2024-12-27,155,3,0,0,0
2024-12-28,124,1,0,0,0
2024-12-29,141,2,0,0,0
2024-12-30,174,3,0,0,0
2024-12-31,104,1,0,0,0
2025-01-01,183,6,0,0,0
2025-01-02,194,0,0,0,0
2025-01-03,188,1,0,0,0
2025-01-04,147,1,0,0,0
2025-01-05,164,2,0,0,0
2025-01-06,208,3,0,0,0
2025-01-07,200,6,0,0,0
2025-01-08,250,-1,0,0,0
2025-01-09,194,1,0,0,0
2025-01-10,215,2,0,0,0
2025-01-11,163,2,0,0,0
2025-01-12,181,2,0,0,0
2025-01-13,214,4,0,0,0
2025-01-14,242,3,0,0,0
2025-01-15,262,4,0,0,0
2025-01-16,251,-1,0,0,0
2025-01-17,181,1,0,0,0
2025-01-18,172,7,0,0,0
2025-01-19,199,3,0,0,0
2025-01-20,260,1,0,0,0
2025-01-21,275,0,0,0,0
2025-01-22,250,1,0,0,0
2025-01-23,210,4,0,0,0
2025-01-24,156,2,0,0,0
2025-01-25,169,0,0,0,0
2025-01-26,226,1,0,0,0
2025-01-27,259,0,0,0,0
2025-01-28,204,2,0,0,0
2025-01-29,229,2,0,0,0
2025-01-30,228,0,0,0,0
2025-01-31,186,1,0,0,0
2025-02-01,229,3,0,0,0
2025-02-02,185,0,0,0,0
2025-02-03,230,2,0,0,0
2025-02-04,203,-1,0,0,0
