day,subscribersGained,subscribersLost,views
2025-01-23,3,0,210
2025-01-22,3,1,250
2025-01-21,4,0,275
2025-01-20,4,0,260
2025-01-19,1,0,199
2025-01-18,1,0,172
2025-01-17,1,0,181
2025-01-16,3,1,251
2025-01-15,2,0,262
2025-01-14,4,0,242
2025-01-13,3,0,214
2025-01-12,1,0,181
2025-01-11,4,0,163
2025-01-10,0,0,215
2025-01-09,3,0,194
2025-01-08,0,0,250
2025-01-07,3,0,200
2025-01-06,4,0,208
2025-01-05,5,0,164
2025-01-04,3,0,147
2025-01-03,0,1,188
2025-01-02,1,1,194
2025-01-01,6,0,183
2024-12-31,2,0,104
2024-12-30,3,0,174
2024-12-29,5,2,141
2024-12-28,1,0,124
2024-12-27,5,1,155
2024-12-26,2,0,137
2024-12-25,1,0,151
2024-12-24,1,0,124
2024-12-23,2,0,139
2024-12-22,1,0,160
2024-12-21,2,0,145
2024-12-20,0,0,134
2024-12-19,5,1,214
2024-12-18,2,1,256
2024-12-17,1,0,259
2024-12-16,0,0,222
2024-12-15,1,0,213
2024-12-14,4,0,198
2024-12-13,1,0,184
2024-12-12,2,0,173
2024-12-11,2,0,245
2024-12-10,4,0,279
2024-12-09,2,1,272
2024-12-08,0,0,222
2024-12-07,2,0,178
2024-12-06,2,0,230
2024-12-05,4,1,264
2024-12-04,2,0,270
2024-12-03,2,0,270
2024-12-02,5,2,258
2024-12-01,3,0,208
2024-11-30,6,1,213
2024-11-29,2,1,174
2024-11-28,1,1,197
2024-11-27,0,0,242
2024-11-26,0,1,241
2024-11-25,4,0,262
2024-11-24,3,0,233
2024-11-23,2,0,193
2024-11-22,0,1,176
2024-11-21,2,0,242
2024-11-20,3,0,311
2024-11-19,5,1,278
2024-11-18,1,0,302
2024-11-17,1,0,235
2024-11-16,0,0,220
2024-11-15,2,0,228
2024-11-14,2,0,280
2024-11-13,5,0,290
2024-11-12,4,0,287
2024-11-11,3,1,312
2024-11-10,4,1,265
2024-11-09,3,0,232
2024-11-08,2,0,243
2024-11-07,3,0,281
2024-11-06,3,0,264
2024-11-05,1,0,255
2024-11-04,1,0,250
2024-11-03,1,0,265
2024-11-02,3,0,214
2024-11-01,2,0,188
2024-10-31,3,0,234
2024-10-30,1,0,273
2024-10-29,1,0,250
2024-10-28,6,0,301
2024-10-27,6,0,271
2024-10-26,1,1,182
2024-10-25,1,0,242
2024-10-24,2,0,262
2024-10-23,3,1,250
2024-10-22,2,0,315
2024-10-21,5,0,317
2024-10-20,0,1,241
2024-10-19,1,0,201
2024-10-18,1,0,246
2024-10-17,2,0,314
2024-10-16,2,0,310
2024-10-15,2,0,326
2024-10-14,2,0,321
2024-10-13,1,0,229
2024-10-12,3,0,200
2024-10-11,2,0,221
2024-10-10,2,0,245
2024-10-09,3,0,299
2024-10-08,2,0,303
2024-10-07,3,0,304
2024-10-06,2,0,254
2024-10-05,1,0,202
2024-10-04,0,0,231
2024-10-03,2,0,295
2024-10-02,2,0,286
2024-10-01,2,1,261
2024-09-30,1,1,296
2024-09-29,4,0,264
2024-09-28,2,0,226
2024-09-27,1,0,202
2024-09-26,3,0,285
2024-09-25,2,2,302
2024-09-24,2,1,251
2024-09-23,3,1,297
2024-09-22,2,0,282
2024-09-21,2,1,264
2024-09-20,1,0,246
2024-09-19,3,0,308
2024-09-18,2,0,306
2024-09-17,8,1,287
2024-09-16,1,0,269
2024-09-15,4,1,294
2024-09-14,1,0,222
2024-09-13,6,0,176
2024-09-12,3,1,250
2024-09-11,4,1,332
2024-09-10,3,0,300
2024-09-09,2,0,291
2024-09-08,2,0,238
2024-09-07,1,0,187
2024-09-06,4,1,209
2024-09-05,4,1,311
2024-09-04,1,0,273
2024-09-03,4,0,265
2024-09-02,0,0,278
2024-09-01,1,0,229
2024-08-31,3,0,177
2024-08-30,4,1,161
2024-08-29,2,0,243
2024-08-28,0,0,302
2024-08-27,4,1,322
2024-08-26,4,0,226
2024-08-25,1,0,196
2024-08-24,1,1,184
2024-08-23,4,1,221
2024-08-22,1,0,268
2024-08-21,3,0,311
2024-08-20,1,0,278
2024-08-19,3,0,245
2024-08-18,4,0,180
2024-08-17,4,0,175
2024-08-16,0,0,244
2024-08-15,5,0,222
2024-08-14,3,0,280
2024-08-13,1,0,225
2024-08-12,2,0,264
2024-08-11,3,0,228
2024-08-10,4,0,224
2024-08-09,3,0,210
2024-08-08,3,0,291
2024-08-07,2,1,260
2024-08-06,3,0,232
2024-08-05,5,0,273
2024-08-04,1,1,219
2024-08-03,3,0,189
2024-08-02,4,0,201
2024-08-01,0,0,208
2024-07-31,1,0,238
2024-07-30,4,2,291
2024-07-29,2,0,243
2024-07-28,0,0,206
2024-07-27,4,0,152
2024-07-26,0,0,195
2024-07-25,2,0,280
2024-07-24,2,0,245
2024-07-23,3,0,279
2024-07-22,6,1,267
2024-07-21,2,0,181
2024-07-20,0,0,132
2024-07-19,2,0,246
2024-07-18,3,0,274
2024-07-17,4,0,274
2024-07-16,0,0,265
2024-07-15,2,0,283
2024-07-14,3,0,207
2024-07-13,2,1,216
2024-07-12,4,0,240
2024-07-11,2,0,270
2024-07-10,4,0,270
2024-07-09,2,0,300
2024-07-08,4,0,325
2024-07-07,3,0,241
2024-07-06,2,0,226
2024-07-05,2,0,219
2024-07-04,3,0,286
2024-07-03,2,0,231
2024-07-02,6,0,280
2024-07-01,2,1,277
2024-06-30,3,0,231
2024-06-29,3,0,218
2024-06-28,2,0,214
2024-06-27,5,0,239
2024-06-26,1,0,299
2024-06-25,3,1,279
2024-06-24,4,0,281
2024-06-23,2,0,249
2024-06-22,4,0,247
2024-06-21,0,0,234
2024-06-20,3,0,281
2024-06-19,1,0,267
2024-06-18,2,0,252
2024-06-17,1,0,213
2024-06-16,2,0,175
2024-06-15,5,0,183
2024-06-14,2,0,225
2024-06-13,4,1,299
2024-06-12,2,0,286
2024-06-11,2,0,314
2024-06-10,2,0,291
2024-06-09,2,1,276
2024-06-08,1,1,273
2024-06-07,2,1,315
2024-06-06,0,0,334
2024-06-05,1,0,322
2024-06-04,4,3,325
2024-06-03,3,0,350
2024-06-02,4,0,287
2024-06-01,1,0,278
2024-05-31,3,1,265
2024-05-30,3,0,321
2024-05-29,2,0,337
2024-05-28,2,0,352
2024-05-27,2,0,287
2024-05-26,2,0,341
2024-05-25,0,0,267
2024-05-24,3,0,270
2024-05-23,2,0,341
2024-05-22,2,0,340
2024-05-21,3,0,319
2024-05-20,2,0,325
2024-05-19,1,0,286
2024-05-18,3,0,288
2024-05-17,1,0,249
2024-05-16,2,0,351
2024-05-15,1,0,386
2024-05-14,6,0,422
2024-05-13,4,2,416
2024-05-12,3,0,315
2024-05-11,0,0,288
2024-05-10,1,1,247
2024-05-09,5,0,342
2024-05-08,1,0,337
2024-05-07,5,1,329
2024-05-06,1,1,310
2024-05-05,2,0,241
2024-05-04,1,0,241
2024-05-03,4,0,259
2024-05-02,4,0,370
2024-05-01,4,0,338
2024-04-30,3,0,277
2024-04-29,2,1,325
2024-04-28,0,0,301
2024-04-27,6,0,305
2024-04-26,3,0,305
2024-04-25,2,0,304
2024-04-24,1,1,348
2024-04-23,4,1,375
2024-04-22,3,0,337
2024-04-21,1,1,297
2024-04-20,3,0,202
2024-04-19,6,0,294
2024-04-18,3,0,292
2024-04-17,2,0,353
2024-04-16,1,0,327
2024-04-15,1,0,301
2024-04-14,2,0,238
2024-04-13,2,1,200
2024-04-12,3,0,252
2024-04-11,3,0,311
2024-04-10,3,0,254
2024-04-09,0,0,290
2024-04-08,3,0,321
2024-04-07,2,0,221
2024-04-06,1,0,236
2024-04-05,0,0,273
2024-04-04,2,1,294
2024-04-03,2,0,326
2024-04-02,2,1,387
2024-04-01,2,1,353
2024-03-31,2,0,342
2024-03-30,0,0,235
2024-03-29,1,0,234
2024-03-28,5,0,324
2024-03-27,4,2,340
2024-03-26,6,0,337
2024-03-25,7,0,312
2024-03-24,0,0,241
2024-03-23,7,0,241
2024-03-22,1,0,254
2024-03-21,3,1,309
2024-03-20,5,0,385
2024-03-19,3,0,410
2024-03-18,3,0,343
2024-03-17,3,0,345
2024-03-16,2,0,251
2024-03-15,3,1,231
2024-03-14,2,0,316
2024-03-13,3,0,361
2024-03-12,1,0,362
2024-03-11,5,0,358
2024-03-10,3,2,302
2024-03-09,1,0,247
2024-03-08,2,0,220
2024-03-07,3,0,308
2024-03-06,2,0,408
2024-03-05,1,0,340
2024-03-04,3,0,377
2024-03-03,5,0,302
2024-03-02,1,0,238
2024-03-01,3,0,267
2024-02-29,1,0,306
2024-02-28,3,0,346
2024-02-27,4,2,322
2024-02-26,1,1,336
2024-02-25,2,0,335
2024-02-24,3,0,257
2024-02-23,2,0,277
2024-02-22,1,0,350
2024-02-21,4,0,334
2024-02-20,4,1,362
2024-02-19,6,0,387
2024-02-18,3,0,369
2024-02-17,2,1,286
2024-02-16,3,0,329
2024-02-15,3,1,343
2024-02-14,3,0,302
2024-02-13,4,1,336
2024-02-12,3,1,330
2024-02-11,3,0,338
2024-02-10,4,0,252
2024-02-09,1,0,248
2024-02-08,0,0,267
2024-02-07,5,0,352
2024-02-06,0,0,380
2024-02-05,4,0,313
2024-02-04,4,0,303
2024-02-03,3,0,302
2024-02-02,2,0,322
2024-02-01,5,0,428
2024-01-31,4,0,363
2024-01-30,1,0,365
2024-01-29,1,0,368
2024-01-28,5,0,319
2024-01-27,1,0,228
2024-01-26,5,0,287
2024-01-25,3,1,322
2024-01-24,2,0,338
2024-01-23,3,1,383
2024-01-22,2,1,398
2024-01-21,2,1,362
2024-01-20,2,0,260
2024-01-19,5,0,303
2024-01-18,0,0,366
2024-01-17,5,0,359
2024-01-16,5,0,387
2024-01-15,1,0,326
2024-01-14,1,1,289
2024-01-13,2,0,265
2024-01-12,2,0,281
2024-01-11,1,0,305
2024-01-10,4,0,353
2024-01-09,1,0,302
2024-01-08,3,0,341
2024-01-07,1,0,271
2024-01-06,1,0,226
2024-01-05,2,0,244
2024-01-04,0,0,336
2024-01-03,3,1,277
2024-01-02,3,1,283
2024-01-01,3,0,275
2023-12-31,1,0,184
2023-12-30,1,0,172
2023-12-29,0,0,195
2023-12-28,3,0,260
2023-12-27,2,1,213
2023-12-26,1,0,228
2023-12-25,1,0,194
2023-12-24,2,1,201
2023-12-23,1,0,172
2023-12-22,2,0,211
2023-12-21,5,1,304
2023-12-20,0,1,306
2023-12-19,3,0,275
2023-12-18,1,0,328
2023-12-17,2,1,309
2023-12-16,2,0,239
2023-12-15,3,0,290
2023-12-14,6,1,326
2023-12-13,0,0,381
2023-12-12,3,0,356
2023-12-11,2,1,373
2023-12-10,3,0,346
2023-12-09,2,0,263
2023-12-08,3,0,256
2023-12-07,2,0,320
2023-12-06,2,0,331
2023-12-05,7,1,364
2023-12-04,1,0,394
2023-12-03,2,0,345
2023-12-02,3,0,314
2023-12-01,1,0,286
2023-11-30,8,0,302
2023-11-29,4,1,393
2023-11-28,5,0,361
2023-11-27,2,0,422
2023-11-26,4,0,329
2023-11-25,5,0,278
2023-11-24,0,0,240
2023-11-23,4,0,306
2023-11-22,1,0,340
2023-11-21,2,1,393
2023-11-20,1,0,362
2023-11-19,4,1,284
2023-11-18,3,1,243
2023-11-17,6,1,288
2023-11-16,4,0,364
2023-11-15,3,1,374
2023-11-14,0,0,310
2023-11-13,1,0,339
2023-11-12,2,0,286
2023-11-11,2,0,243
2023-11-10,1,0,267
2023-11-09,4,0,345
2023-11-08,3,0,377
2023-11-07,1,0,374
2023-11-06,1,2,412
2023-11-05,2,1,320
2023-11-04,2,0,261
2023-11-03,5,0,259
2023-11-02,5,0,368
2023-11-01,2,0,343
2023-10-31,4,0,357
2023-10-30,3,0,358
2023-10-29,3,0,311
2023-10-28,1,0,228
2023-10-27,2,1,282
2023-10-26,7,2,323
2023-10-25,0,0,371
2023-10-24,4,0,332
2023-10-23,5,0,312
2023-10-22,1,0,310
2023-10-21,2,0,265
2023-10-20,5,0,262
2023-10-19,6,0,335
2023-10-18,2,0,350
2023-10-17,2,0,362
2023-10-16,5,1,411
2023-10-15,2,0,287
2023-10-14,4,1,244
2023-10-13,4,0,283
2023-10-12,0,0,348
2023-10-11,6,1,346
2023-10-10,3,0,387
2023-10-09,3,0,353
2023-10-08,2,0,270
2023-10-07,3,1,271
2023-10-06,1,0,226
2023-10-05,4,1,312
2023-10-04,2,0,387
2023-10-03,3,2,349
2023-10-02,4,0,340
2023-10-01,3,0,270
2023-09-30,2,0,209
2023-09-29,5,1,249
2023-09-28,6,0,318
2023-09-27,2,0,309
2023-09-26,2,0,368
2023-09-25,2,0,343
2023-09-24,1,0,300
2023-09-23,2,0,233
2023-09-22,1,0,306
2023-09-21,2,0,326
2023-09-20,2,0,303
2023-09-19,1,0,373
2023-09-18,1,0,301
2023-09-17,0,0,265
2023-09-16,1,0,222
2023-09-15,3,0,265
2023-09-14,7,1,343
2023-09-13,2,0,296
2023-09-12,1,0,257
2023-09-11,3,0,294
2023-09-10,3,0,272
2023-09-09,2,0,275
2023-09-08,5,0,268
2023-09-07,4,0,257
2023-09-06,3,0,251
2023-09-05,5,0,269
2023-09-04,4,0,264
2023-09-03,0,0,224
2023-09-02,2,1,177
2023-09-01,2,0,222
2023-08-31,1,0,271
2023-08-30,1,0,272
2023-08-29,3,0,275
2023-08-28,3,1,244
2023-08-27,0,0,254
2023-08-26,0,0,192
2023-08-25,5,0,198
2023-08-24,5,1,292
2023-08-23,1,2,280
2023-08-22,4,0,300
2023-08-21,2,0,262
2023-08-20,1,0,248
2023-08-19,4,0,218
2023-08-18,6,0,244
2023-08-17,3,0,276
2023-08-16,2,1,277
2023-08-15,3,0,255
2023-08-14,2,0,276
2023-08-13,6,2,302
2023-08-12,3,1,204
2023-08-11,0,0,228
2023-08-10,3,0,232
2023-08-09,2,0,233
2023-08-08,5,0,305
2023-08-07,2,0,251
2023-08-06,3,0,210
2023-08-05,4,0,170
2023-08-04,2,0,245
2023-08-03,1,0,262
2023-08-02,2,1,305
2023-08-01,1,0,295
2023-07-31,2,0,294
2023-07-30,4,0,282
2023-07-29,4,0,197
2023-07-28,5,0,228
2023-07-27,0,0,263
2023-07-26,2,1,280
2023-07-25,5,0,351
2023-07-24,4,0,318
2023-07-23,2,0,267
2023-07-22,2,0,238
2023-07-21,4,1,270
2023-07-20,3,0,260
2023-07-19,2,0,355
2023-07-18,3,0,278
2023-07-17,4,2,340
2023-07-16,1,0,249
2023-07-15,4,0,281
2023-07-14,2,0,290
2023-07-13,3,0,284
2023-07-12,4,0,312
2023-07-11,4,1,346
2023-07-10,1,0,331
2023-07-09,5,0,269
2023-07-08,3,1,249
2023-07-07,2,0,257
2023-07-06,7,2,310
2023-07-05,3,0,315
2023-07-04,7,0,335
2023-07-03,3,1,299
2023-07-02,4,0,244
2023-07-01,5,0,230
2023-06-30,5,1,243
2023-06-29,3,0,257
2023-06-28,4,1,246
2023-06-27,1,0,299
2023-06-26,2,0,288
2023-06-25,5,0,307
2023-06-24,3,0,227
2023-06-23,5,1,232
2023-06-22,1,0,296
2023-06-21,1,0,310
2023-06-20,4,0,311
2023-06-19,7,0,353
2023-06-18,4,0,269
2023-06-17,5,0,321
2023-06-16,4,0,299
2023-06-15,0,0,291
2023-06-14,2,0,360
2023-06-13,1,0,346
2023-06-12,2,0,358
2023-06-11,3,0,356
2023-06-10,2,0,265
2023-06-09,2,0,278
2023-06-08,6,0,361
2023-06-07,1,1,346
2023-06-06,0,0,410
2023-06-05,3,0,459
2023-06-04,6,0,375
2023-06-03,3,0,255
2023-06-02,4,0,330
2023-06-01,2,1,393
2023-05-31,6,0,389
2023-05-30,4,0,366
2023-05-29,1,0,377
2023-05-28,3,0,290
2023-05-27,5,0,292
2023-05-26,6,0,313
2023-05-25,2,0,420
2023-05-24,1,1,394
2023-05-23,7,0,414
2023-05-22,5,0,433
2023-05-21,1,0,365
2023-05-20,5,1,328
2023-05-19,4,0,358
2023-05-18,3,1,408
2023-05-17,4,0,394
2023-05-16,5,1,476
2023-05-15,1,0,398
2023-05-14,4,0,302
2023-05-13,1,0,256
2023-05-12,2,0,286
2023-05-11,1,1,470
2023-05-10,3,0,416
2023-05-09,1,0,415
2023-05-08,4,0,378
2023-05-07,4,0,337
2023-05-06,0,0,287
2023-05-05,0,0,345
2023-05-04,2,0,379
2023-05-03,4,0,371
2023-05-02,5,0,417
2023-05-01,3,0,397
2023-04-30,5,1,331
2023-04-29,2,0,245
2023-04-28,2,0,267
2023-04-27,5,1,392
2023-04-26,2,2,338
2023-04-25,3,0,381
2023-04-24,3,1,316
2023-04-23,4,0,316
2023-04-22,3,0,232
2023-04-21,0,0,203
2023-04-20,2,0,332
2023-04-19,3,0,396
2023-04-18,2,1,376
2023-04-17,7,0,375
2023-04-16,0,0,269
2023-04-15,8,1,264
2023-04-14,4,1,304
2023-04-13,1,1,339
2023-04-12,2,0,407
2023-04-11,4,0,406
2023-04-10,4,0,365
2023-04-09,2,0,318
2023-04-08,0,0,290
2023-04-07,3,0,320
2023-04-06,2,1,332
2023-04-05,3,1,389
2023-04-04,1,0,371
2023-04-03,4,0,417
2023-04-02,4,0,353
2023-04-01,0,1,256
2023-03-31,1,1,285
2023-03-30,5,1,322
2023-03-29,3,0,360
2023-03-28,3,1,409
2023-03-27,4,0,384
2023-03-26,3,0,300
2023-03-25,2,1,325
2023-03-24,3,0,300
2023-03-23,5,0,412
2023-03-22,4,0,459
2023-03-21,2,0,482
2023-03-20,3,0,406
2023-03-19,2,0,346
2023-03-18,3,0,280
2023-03-17,2,1,306
2023-03-16,5,0,369
2023-03-15,4,0,423
2023-03-14,2,1,425
2023-03-13,2,0,409
2023-03-12,4,0,336
2023-03-11,0,0,318
2023-03-10,3,0,328
2023-03-09,2,0,432
2023-03-08,1,0,349
2023-03-07,0,0,348
2023-03-06,1,1,387
2023-03-05,6,1,392
2023-03-04,4,0,296
2023-03-03,2,0,304
2023-03-02,6,1,392
2023-03-01,4,0,456
2023-02-28,10,0,447
2023-02-27,5,1,384
2023-02-26,7,0,425
2023-02-25,1,0,299
2023-02-24,2,0,358
2023-02-23,2,0,363
2023-02-22,3,0,408
2023-02-21,8,0,460
2023-02-20,2,0,405
2023-02-19,3,0,337
2023-02-18,4,1,290
2023-02-17,2,1,321
2023-02-16,4,1,354
2023-02-15,4,0,346
2023-02-14,6,1,330
2023-02-13,3,0,351
2023-02-12,4,0,280
2023-02-11,3,1,271
2023-02-10,5,0,308
2023-02-09,1,2,346
2023-02-08,4,1,350
2023-02-07,1,1,382
2023-02-06,5,0,380
2023-02-05,4,0,300
2023-02-04,5,0,281
2023-02-03,1,0,306
2023-02-02,7,0,342
2023-02-01,5,0,339
2023-01-31,4,0,369
2023-01-30,0,0,346
2023-01-29,2,0,276
2023-01-28,5,2,251
2023-01-27,2,0,253
2023-01-26,3,0,283
2023-01-25,12,2,463
2023-01-24,6,0,384
2023-01-23,2,1,344
2023-01-22,4,2,289
2023-01-21,5,0,237
2023-01-20,2,1,290
2023-01-19,5,0,290
2023-01-18,2,0,341
2023-01-17,3,1,340
2023-01-16,8,0,304
2023-01-15,2,0,192
2023-01-14,3,1,195
2023-01-13,2,0,223
2023-01-12,5,0,318
2023-01-11,1,1,285
2023-01-10,2,0,292
2023-01-09,1,0,299
2023-01-08,6,1,227
2023-01-07,3,1,190
2023-01-06,3,0,216
2023-01-05,1,0,243
2023-01-04,2,0,259
2023-01-03,3,0,274
2023-01-02,2,1,236
2023-01-01,3,1,213
2022-12-31,1,0,123
2022-12-30,3,0,143
2022-12-29,6,0,185
2022-12-28,2,0,222
2022-12-27,1,0,211
2022-12-26,2,2,171
2022-12-25,3,0,147
2022-12-24,4,0,172
2022-12-23,1,0,192
2022-12-22,0,0,205
2022-12-21,1,0,200
2022-12-20,3,0,262
2022-12-19,2,0,288
2022-12-18,0,0,182
2022-12-17,2,0,184
2022-12-16,1,0,248
2022-12-15,1,0,262
2022-12-14,3,0,312
2022-12-13,1,0,303
2022-12-12,2,0,336
2022-12-11,4,0,263
2022-12-10,4,0,198
2022-12-09,0,0,211
2022-12-08,5,0,294
2022-12-07,4,0,324
2022-12-06,1,0,271
2022-12-05,1,0,276
2022-12-04,3,0,230
2022-12-03,2,0,204
2022-12-02,0,0,220
2022-12-01,4,1,252
2022-11-30,6,0,314
2022-11-29,3,0,297
2022-11-28,5,0,286
2022-11-27,5,0,289
2022-11-26,1,0,265
2022-11-25,5,1,231
2022-11-24,1,0,243
2022-11-23,2,0,286
2022-11-22,2,0,276
2022-11-21,0,1,291
2022-11-20,5,0,288
2022-11-19,2,0,181
2022-11-18,3,0,249
2022-11-17,5,0,288
2022-11-16,3,0,350
2022-11-15,3,1,317
2022-11-14,3,0,333
2022-11-13,1,0,282
2022-11-12,0,0,227
2022-11-11,3,2,281
2022-11-10,1,1,275
2022-11-09,6,0,287
2022-11-08,4,0,309
2022-11-07,4,0,317
2022-11-06,2,1,305
2022-11-05,2,1,221
2022-11-04,2,0,258
2022-11-03,4,2,289
2022-11-02,5,1,341
2022-11-01,1,0,358
2022-10-31,0,1,334
2022-10-30,0,1,291
2022-10-29,6,0,242
2022-10-28,2,0,284
2022-10-27,0,0,339
2022-10-26,7,0,370
2022-10-25,3,0,378
2022-10-24,6,0,286
2022-10-23,1,0,268
2022-10-22,3,0,224
2022-10-21,2,0,204
2022-10-20,3,1,328
2022-10-19,5,2,357
2022-10-18,3,0,313
2022-10-17,2,0,325
2022-10-16,2,1,229
2022-10-15,6,0,226
2022-10-14,3,0,253
2022-10-13,1,0,328
2022-10-12,3,0,305
2022-10-11,4,1,289
2022-10-10,2,0,284
2022-10-09,1,0,189
2022-10-08,8,1,246
2022-10-07,3,0,251
2022-10-06,7,0,385
2022-10-05,5,0,258
2022-10-04,5,1,249
2022-10-03,3,0,261
2022-10-02,2,0,236
2022-10-01,3,0,166
2022-09-30,1,0,226
2022-09-29,3,0,260
2022-09-28,2,0,257
2022-09-27,4,2,254
2022-09-26,4,0,270
2022-09-25,5,1,228
2022-09-24,3,0,168
2022-09-23,2,0,211
2022-09-22,4,0,255
2022-09-21,4,1,325
2022-09-20,2,1,311
2022-09-19,6,1,294
2022-09-18,14,0,277
2022-09-17,4,0,183
2022-09-16,3,0,213
2022-09-15,5,0,224
2022-09-14,2,0,284
2022-09-13,4,0,292
2022-09-12,4,0,296
2022-09-11,2,0,225
2022-09-10,4,0,248
2022-09-09,2,0,238
2022-09-08,3,0,293
2022-09-07,8,1,293
2022-09-06,3,0,263
2022-09-05,3,0,263
2022-09-04,2,1,222
2022-09-03,5,0,193
2022-09-02,4,0,203
2022-09-01,6,0,265
2022-08-31,13,0,291
2022-08-30,1,0,199
2022-08-29,5,1,281
2022-08-28,3,0,239
2022-08-27,8,0,227
2022-08-26,2,0,205
2022-08-25,2,0,196
2022-08-24,1,2,210
2022-08-23,2,0,230
2022-08-22,2,0,157
2022-08-21,2,0,153
2022-08-20,2,0,155
2022-08-19,4,0,179
2022-08-18,1,0,188
2022-08-17,2,0,153
2022-08-16,2,0,175
2022-08-15,2,0,185
2022-08-14,2,0,137
2022-08-13,1,0,130
2022-08-12,2,0,110
2022-08-11,5,0,184
2022-08-10,2,0,183
2022-08-09,1,0,201
2022-08-08,2,1,171
2022-08-07,0,0,179
2022-08-06,2,1,166
2022-08-05,3,0,164
2022-08-04,2,0,163
2022-08-03,1,0,187
2022-08-02,2,0,204
2022-08-01,3,0,175
2022-07-31,1,0,156
2022-07-30,3,0,137
2022-07-29,1,0,151
2022-07-28,1,0,183
2022-07-27,4,1,218
2022-07-26,3,0,217
2022-07-25,4,1,249
2022-07-24,0,0,189
2022-07-23,3,1,148
2022-07-22,3,0,154
2022-07-21,0,0,169
2022-07-20,4,0,228
2022-07-19,2,0,208
2022-07-18,1,1,203
2022-07-17,4,0,233
2022-07-16,3,0,168
2022-07-15,3,0,176
2022-07-14,1,1,176
2022-07-13,1,0,163
2022-07-12,1,1,163
2022-07-11,3,0,119
2022-07-10,1,0,106
2022-07-09,1,1,81
2022-07-08,2,0,128
2022-07-07,4,1,219
2022-07-06,3,0,196
2022-07-05,0,0,167
2022-07-04,4,0,275
2022-07-03,1,0,171
2022-07-02,3,0,191
2022-07-01,4,0,142
2022-06-30,6,0,207
2022-06-29,3,0,206
2022-06-28,1,0,194
2022-06-27,2,0,234
2022-06-26,2,0,213
2022-06-25,2,0,211
2022-06-24,2,0,202
2022-06-23,3,0,237
2022-06-22,4,0,227
2022-06-21,1,0,188
2022-06-20,0,0,158
2022-06-19,0,0,177
2022-06-18,4,0,139
2022-06-17,2,0,167
2022-06-16,1,0,200
2022-06-15,3,0,233
2022-06-14,4,2,248
2022-06-13,0,0,194
2022-06-12,1,0,162
2022-06-11,0,0,157
2022-06-10,1,0,148
2022-06-09,1,0,214
2022-06-08,0,1,174
2022-06-07,1,0,199
2022-06-06,4,0,192
2022-06-05,1,0,145
2022-06-04,1,0,138
2022-06-03,3,0,167
2022-06-02,1,0,189
2022-06-01,1,0,237
2022-05-31,3,0,235
2022-05-30,6,1,320
2022-05-29,3,0,179
2022-05-28,3,0,153
2022-05-27,2,1,134
2022-05-26,3,0,199
2022-05-25,48,2,204
2022-05-24,11,1,178
2022-05-23,16,1,234
2022-05-22,11,0,162
2022-05-21,2,0,152
2022-05-20,2,0,170
2022-05-19,2,0,144
2022-05-18,0,1,206
2022-05-17,0,1,205
2022-05-16,14,0,266
2022-05-15,7,7,214
2022-05-14,4,1,125
2022-05-13,2,0,156
2022-05-12,0,1,211
2022-05-11,8,0,287
2022-05-10,19,9,263
2022-05-09,33,15,318
2022-05-08,144,142,235
2022-05-07,55,3,221
2022-05-06,3,0,117
2022-05-05,5,3,240
2022-05-04,1,1,206
2022-05-03,11,5,204
2022-05-02,1,0,102
2022-05-01,0,0,97
2022-04-30,2,0,157
2022-04-29,0,0,168
2022-04-28,0,0,161
2022-04-27,3,0,168
2022-04-26,2,0,194
2022-04-25,0,0,174
2022-04-24,1,0,112
2022-04-23,0,0,117
2022-04-22,1,0,106
2022-04-21,1,0,163
2022-04-20,1,0,154
2022-04-19,1,2,158
2022-04-18,1,0,150
2022-04-17,1,0,146
2022-04-16,0,0,115
2022-04-15,7,0,162
2022-04-14,1,0,192
2022-04-13,7,1,217
2022-04-12,12,1,230
2022-04-11,11,1,249
2022-04-10,6,1,234
2022-04-09,6,0,167
2022-04-08,9,0,195
2022-04-07,8,2,281
2022-04-06,17,1,265
2022-04-05,9,0,239
2022-04-04,15,7,180
2022-04-03,13,0,144
2022-04-02,4,0,130
2022-04-01,0,0,128
2022-03-31,2,1,154
2022-03-30,1,0,190
2022-03-29,1,1,182
2022-03-28,1,0,144
2022-03-27,3,0,151
2022-03-26,1,0,141
2022-03-25,2,0,130
2022-03-24,1,0,165
2022-03-23,1,0,157
2022-03-22,2,0,145
2022-03-21,1,0,153
2022-03-20,1,0,129
2022-03-19,3,1,116
2022-03-18,2,0,100
2022-03-17,1,1,110
2022-03-16,4,0,207
2022-03-15,1,0,159
2022-03-14,5,0,160
2022-03-13,3,1,139
2022-03-12,0,0,103
2022-03-11,0,0,119
2022-03-10,0,0,168
2022-03-09,2,0,170
2022-03-08,1,0,165
2022-03-07,4,0,131
2022-03-06,0,0,105
2022-03-05,0,0,106
2022-03-04,0,0,102
2022-03-03,2,1,109
2022-03-02,2,0,148
2022-03-01,2,0,154
2022-02-28,1,0,104
2022-02-27,0,0,91
2022-02-26,0,0,72
2022-02-25,1,0,110
2022-02-24,1,0,111
2022-02-23,3,0,143
2022-02-22,1,0,109
2022-02-21,1,0,118
2022-02-20,0,0,110
2022-02-19,1,0,70
2022-02-18,0,0,98
2022-02-17,0,0,143
2022-02-16,0,0,118
2022-02-15,0,0,106
2022-02-14,1,0,118
2022-02-13,0,0,114
2022-02-12,1,0,76
2022-02-11,1,1,63
2022-02-10,0,0,88
2022-02-09,1,1,117
2022-02-08,1,0,96
2022-02-07,3,1,134
2022-02-06,0,0,83
2022-02-05,0,0,75
2022-02-04,0,0,57
2022-02-03,0,1,96
2022-02-02,1,0,111
2022-02-01,1,0,103
2022-01-31,0,0,88
2022-01-30,2,0,89
2022-01-29,2,0,64
2022-01-28,2,0,63
2022-01-27,0,0,61
2022-01-26,0,0,81
2022-01-25,1,0,66
2022-01-24,1,0,69
2022-01-23,1,0,67
2022-01-22,1,0,70
2022-01-21,1,1,71
2022-01-20,3,1,84
2022-01-19,0,0,84
2022-01-18,0,0,93
2022-01-17,1,0,93
2022-01-16,1,1,68
2022-01-15,2,0,70
2022-01-14,3,0,80
2022-01-13,1,0,69
2022-01-12,0,0,66
2022-01-11,2,0,91
2022-01-10,2,0,75
2022-01-09,0,0,75
2022-01-08,1,0,61
2022-01-07,1,0,67
2022-01-06,0,0,74
2022-01-05,0,0,82
2022-01-04,0,0,73
2022-01-03,0,1,82
2022-01-02,0,0,49
2022-01-01,0,2,45
2021-12-31,1,0,43
2021-12-30,1,0,57
2021-12-29,0,0,62
2021-12-28,1,0,50
2021-12-27,0,0,60
2021-12-26,1,1,55
2021-12-25,0,1,49
2021-12-24,1,0,32
2021-12-23,0,0,60
2021-12-22,1,0,70
2021-12-21,1,0,76
2021-12-20,1,0,62
2021-12-19,0,0,53
2021-12-18,0,0,51
2021-12-17,0,0,65
2021-12-16,0,0,63
2021-12-15,2,0,83
2021-12-14,0,0,75
2021-12-13,1,0,68
2021-12-12,0,0,82
2021-12-11,0,0,72
2021-12-10,0,0,67
2021-12-09,1,0,71
2021-12-08,2,0,86
2021-12-07,1,0,95
2021-12-06,0,0,90
2021-12-05,1,0,62
2021-12-04,1,1,57
2021-12-03,0,0,52
2021-12-02,1,0,88
2021-12-01,0,0,81
2021-11-30,4,0,100
2021-11-29,0,0,80
2021-11-28,0,0,67
2021-11-27,0,0,47
2021-11-26,0,0,67
2021-11-25,2,2,92
2021-11-24,2,0,101
2021-11-23,2,0,101
2021-11-22,0,0,108
2021-11-21,0,0,85
2021-11-20,0,0,62
2021-11-19,0,1,83
2021-11-18,4,0,105
2021-11-17,2,0,75
2021-11-16,1,0,74
2021-11-15,1,0,101
2021-11-14,0,0,70
2021-11-13,2,1,62
2021-11-12,1,0,61
2021-11-11,2,0,65
2021-11-10,1,0,49
2021-11-09,1,0,66
2021-11-08,1,0,94
2021-11-07,2,1,58
2021-11-06,0,0,58
2021-11-05,3,1,62
2021-11-04,0,0,75
2021-11-03,2,0,78
2021-11-02,0,0,76
2021-11-01,0,0,82
2021-10-31,0,0,52
2021-10-30,2,1,54
2021-10-29,1,0,86
2021-10-28,1,0,79
2021-10-27,0,0,77
2021-10-26,0,0,67
2021-10-25,1,1,69
2021-10-24,0,0,78
2021-10-23,0,0,59
2021-10-22,1,0,71
2021-10-21,3,1,82
2021-10-20,1,1,77
2021-10-19,1,0,87
2021-10-18,0,1,91
2021-10-17,1,0,94
2021-10-16,0,0,67
2021-10-15,3,0,72
2021-10-14,0,0,56
2021-10-13,2,0,72
2021-10-12,1,1,69
2021-10-11,2,1,76
2021-10-10,1,1,75
2021-10-09,0,0,64
2021-10-08,2,0,62
2021-10-07,0,0,84
2021-10-06,1,1,83
2021-10-05,0,0,68
2021-10-04,2,0,99
2021-10-03,1,0,93
2021-10-02,0,0,48
2021-10-01,3,0,93
2021-09-30,3,1,75
2021-09-29,5,0,90
2021-09-28,5,2,97
2021-09-27,20,0,157
2021-09-26,9,0,94
2021-09-25,57,0,163
2021-09-24,34,2,94
2021-09-23,51,0,178
2021-09-22,1,0,62
2021-09-21,0,0,63
2021-09-20,1,0,77
2021-09-19,0,0,67
2021-09-18,1,1,58
2021-09-17,0,0,52
2021-09-16,1,0,83
2021-09-15,1,0,93
2021-09-14,2,0,76
2021-09-13,0,0,86
2021-09-12,0,0,79
2021-09-11,0,0,62
2021-09-10,0,0,56
2021-09-09,3,1,70
2021-09-08,2,2,143
2021-09-07,2,0,91
2021-09-06,0,0,105
2021-09-05,1,0,107
2021-09-04,5,0,295
2021-09-03,7,9,254
2021-09-02,26,18,294
2021-09-01,34,2,359
2021-08-31,3,0,275
2021-08-30,13,2,251
2021-08-29,4,0,212
2021-08-28,10,1,329
2021-08-27,13,2,362
2021-08-26,12,2,310
2021-08-25,17,7,311
2021-08-24,18,2,385
2021-08-23,11,2,482
2021-08-22,8,2,501
2021-08-21,10,0,491
2021-08-20,5,1,538
2021-08-19,4,1,328
2021-08-18,9,3,355
2021-08-17,11,0,497
2021-08-16,8,1,415
2021-08-15,3,1,514
2021-08-14,10,2,420
2021-08-13,4,1,354
2021-08-12,6,0,437
2021-08-11,14,1,595
2021-08-10,5,0,234
2021-08-09,4,2,235
2021-08-08,5,0,327
2021-08-07,7,1,357
2021-08-06,10,1,318
2021-08-05,11,2,402
2021-08-04,11,3,422
2021-08-03,12,1,308
2021-08-02,10,0,301
2021-08-01,2,1,202
2021-07-31,3,1,117
2021-07-30,3,0,124
2021-07-29,5,2,85
2021-07-28,3,0,132
2021-07-27,1,0,151
2021-07-26,1,0,104
2021-07-25,3,1,125
2021-07-24,4,0,75
2021-07-23,3,0,76
2021-07-22,0,0,78
2021-07-21,2,0,53
2021-07-20,4,2,72
2021-07-19,3,0,80
2021-07-18,4,0,73
2021-07-17,0,0,59
2021-07-16,0,0,22
2021-07-15,0,0,30
2021-07-14,1,0,32
2021-07-13,0,0,28
2021-07-12,0,0,31
2021-07-11,0,0,9
2021-07-10,0,0,10
2021-07-09,0,0,11
2021-07-08,0,0,15
2021-07-07,0,0,21
2021-07-06,1,1,21
2021-07-05,0,0,29
2021-07-04,0,0,19
2021-07-03,0,0,12
2021-07-02,1,0,11
2021-07-01,2,0,14
2021-06-30,1,0,24
2021-06-29,1,0,44
2021-06-28,0,0,12
2021-06-27,0,0,8
2021-06-26,0,0,11
2021-06-25,0,0,24
2021-06-24,0,0,10
2021-06-23,0,0,15
2021-06-22,0,0,14
2021-06-21,0,0,9
2021-06-20,0,0,8
2021-06-19,0,0,11
2021-06-18,0,0,19
2021-06-17,0,0,10
2021-06-16,0,0,15
2021-06-15,0,0,13
2021-06-14,0,0,18
2021-06-13,0,0,15
2021-06-12,0,0,19
2021-06-11,0,0,14
2021-06-10,0,0,12
2021-06-09,1,1,23
2021-06-08,0,0,8
2021-06-07,0,0,16
2021-06-06,0,0,5
2021-06-05,0,0,6
2021-06-04,0,0,16
2021-06-03,0,0,10
2021-06-02,0,0,15
2021-06-01,0,0,3
2021-05-31,0,0,18
2021-05-30,0,0,13
2021-05-29,0,0,7
2021-05-28,0,0,7
2021-05-27,0,0,12
2021-05-26,0,0,12
2021-05-25,0,0,17
2021-05-24,0,0,20
2021-05-23,0,0,19
2021-05-22,1,0,12
2021-05-21,0,0,9
2021-05-20,0,0,20
2021-05-19,0,0,12
2021-05-18,0,0,11
2021-05-17,0,0,10
2021-05-16,1,0,11
2021-05-15,0,1,7
2021-05-14,0,0,6
2021-05-13,0,0,14
2021-05-12,0,0,13
2021-05-11,0,0,19
2021-05-10,0,0,12
2021-05-09,0,0,3
2021-05-08,0,0,8
2021-05-07,1,0,10
2021-05-06,0,0,17
2021-05-05,0,0,14
2021-05-04,0,0,10
2021-05-03,0,0,12
2021-05-02,0,0,8
2021-05-01,0,0,3
2021-04-30,0,0,5
2021-04-29,0,0,14
2021-04-28,0,0,8
2021-04-27,0,0,9
2021-04-26,0,0,5
2021-04-25,0,0,9
2021-04-24,0,0,3
2021-04-23,0,0,6
2021-04-22,0,0,14
2021-04-21,0,0,11
2021-04-20,2,0,32
2021-04-19,0,0,12
2021-04-18,0,0,10
2021-04-17,0,0,9
2021-04-16,0,0,17
2021-04-15,0,0,8
2021-04-14,0,0,6
2021-04-13,0,0,12
2021-04-12,1,0,10
2021-04-11,0,0,9
2021-04-10,0,0,8
2021-04-09,0,0,10
2021-04-08,0,0,17
2021-04-07,0,0,16
2021-04-06,0,0,13
2021-04-05,0,0,16
2021-04-04,0,0,13
2021-04-03,0,0,14
2021-04-02,0,0,11
2021-04-01,1,0,12
2021-03-31,0,0,12
2021-03-30,0,0,8
2021-03-29,0,0,11
2021-03-28,0,0,16
2021-03-27,1,0,28
2021-03-26,0,0,21
2021-03-25,0,0,18
2021-03-24,0,0,15
2021-03-23,0,0,25
2021-03-22,0,0,17
2021-03-21,0,0,12
2021-03-20,0,0,26
2021-03-19,0,0,16
2021-03-18,0,0,24
2021-03-17,0,0,33
2021-03-16,1,0,25
2021-03-15,0,0,26
2021-03-14,0,0,30
2021-03-13,1,0,7
2021-03-12,0,0,16
2021-03-11,1,0,13
2021-03-10,0,0,19
2021-03-09,0,0,20
2021-03-08,0,0,19
2021-03-07,0,0,17
2021-03-06,0,0,15
2021-03-05,0,0,27
2021-03-04,0,0,53
2021-03-03,0,0,10
2021-03-02,0,0,22
2021-03-01,0,0,33
2021-02-28,0,0,23
2021-02-27,0,0,30
2021-02-26,0,0,16
2021-02-25,1,0,24
2021-02-24,0,0,36
2021-02-23,1,0,35
2021-02-22,0,0,33
2021-02-21,0,0,16
2021-02-20,0,0,18
2021-02-19,0,0,16
2021-02-18,0,0,15
2021-02-17,0,0,16
2021-02-16,0,0,26
2021-02-15,0,0,37
2021-02-14,0,0,11
2021-02-13,0,0,8
2021-02-12,0,0,24
2021-02-11,1,0,21
2021-02-10,0,0,24
2021-02-09,0,0,12
2021-02-08,0,0,19
2021-02-07,0,0,13
2021-02-06,0,0,25
2021-02-05,0,0,12
2021-02-04,0,0,20
2021-02-03,1,0,21
2021-02-02,0,0,20
2021-02-01,0,0,31
2021-01-31,0,0,20
2021-01-30,0,0,19
2021-01-29,0,0,19
2021-01-28,0,0,23
2021-01-27,0,0,26
2021-01-26,0,0,25
2021-01-25,0,0,13
2021-01-24,1,0,9
2021-01-23,0,0,16
2021-01-22,0,0,8
2021-01-21,1,0,23
2021-01-20,1,0,19
2021-01-19,0,0,24
2021-01-18,0,0,17
2021-01-17,0,0,25
2021-01-16,0,0,17
2021-01-15,0,0,17
2021-01-14,0,0,29
2021-01-13,0,0,9
2021-01-12,0,0,12
2021-01-11,0,0,20
2021-01-10,0,0,13
2021-01-09,0,0,8
2021-01-08,0,0,10
2021-01-07,0,0,7
2021-01-06,0,0,15
2021-01-05,0,0,5
2021-01-04,0,0,11
2021-01-03,0,0,8
2021-01-02,0,0,10
2021-01-01,0,0,3
2020-12-31,0,0,7
2020-12-30,0,0,12
2020-12-29,0,0,10
2020-12-28,0,0,14
2020-12-27,0,0,41
2020-12-26,0,0,7
2020-12-25,0,0,6
2020-12-24,0,0,6
2020-12-23,1,0,29
2020-12-22,1,0,17
2020-12-21,1,0,21
2020-12-20,0,0,12
2020-12-19,0,0,10
2020-12-18,0,0,7
2020-12-17,1,0,18
2020-12-16,0,0,17
2020-12-15,2,0,37
2020-12-14,0,0,17
2020-12-13,2,0,25
2020-12-12,0,0,44
2020-12-11,5,3,58
2020-12-10,0,0,1
2020-12-09,0,0,18
2020-12-08,0,0,20
2020-12-07,0,0,12
2020-12-06,0,0,9
2020-12-05,0,0,9
2020-12-04,0,0,7
2020-12-03,0,0,1
2020-12-02,0,0,15
2020-12-01,0,0,6
2020-11-30,0,0,6
2020-11-29,1,0,15
2020-11-28,0,0,9
2020-11-27,0,0,8
2020-11-26,0,0,11
2020-11-25,0,0,4
2020-11-24,0,0,12
2020-11-23,0,0,5
2020-11-22,0,0,4
2020-11-21,0,0,7
2020-11-20,0,0,8
2020-11-19,0,0,8
2020-11-18,0,0,8
2020-11-17,0,0,7
2020-11-16,0,0,4
2020-11-15,0,0,8
2020-11-14,0,0,8
2020-11-13,0,0,2
2020-11-12,0,0,15
2020-11-11,0,0,8
2020-11-10,0,0,3
2020-11-09,0,0,10
2020-11-08,0,0,7
2020-11-07,0,0,14
2020-11-06,0,0,11
2020-11-05,0,0,21
2020-11-04,0,0,7
2020-11-03,0,0,12
2020-11-02,0,0,11
2020-11-01,1,0,10
2020-10-31,0,0,5
2020-10-30,0,0,10
2020-10-29,0,0,22
2020-10-28,0,0,10
2020-10-27,0,0,12
2020-10-26,0,0,18
2020-10-25,0,0,17
2020-10-24,0,0,4
2020-10-23,0,0,11
2020-10-22,0,0,13
2020-10-21,0,0,6
2020-10-20,0,0,11
2020-10-19,0,0,11
2020-10-18,0,0,8
2020-10-17,0,0,3
2020-10-16,0,0,6
2020-10-15,0,0,10
2020-10-14,0,0,8
2020-10-13,0,0,8
2020-10-12,0,0,4
2020-10-11,0,0,12
2020-10-10,0,0,9
2020-10-09,0,0,10
2020-10-08,0,0,10
2020-10-07,0,0,19
2020-10-06,0,0,8
2020-10-05,0,0,13
2020-10-04,0,0,12
2020-10-03,0,0,9
2020-10-02,0,0,5
2020-10-01,0,0,7
2020-09-30,0,0,8
2020-09-29,0,0,5
2020-09-28,0,0,4
2020-09-27,0,0,9
2020-09-26,0,0,6
2020-09-25,0,0,4
2020-09-24,0,0,7
2020-09-23,0,0,9
2020-09-22,0,0,8
2020-09-21,0,0,10
2020-09-20,0,0,6
2020-09-19,0,0,5
2020-09-18,0,0,2
2020-09-17,0,0,6
2020-09-16,0,0,2
2020-09-15,0,0,5
2020-09-14,0,0,2
2020-09-13,0,0,3
2020-09-12,0,0,6
2020-09-11,0,0,3
2020-09-10,0,0,2
2020-09-09,0,0,5
2020-09-08,0,0,2
2020-09-07,0,0,3
2020-09-06,0,0,0
2020-09-05,0,0,1
2020-09-04,0,0,5
2020-09-03,0,0,1
2020-09-02,0,0,1
2020-09-01,0,0,5
2020-08-31,0,0,2
2020-08-30,0,0,4
2020-08-29,0,0,1
2020-08-28,0,0,1
2020-08-27,0,0,0
2020-08-26,0,0,5
2020-08-25,0,0,0
2020-08-24,0,0,2
2020-08-23,0,0,2
2020-08-22,0,0,1
2020-08-21,0,0,1
2020-08-20,0,0,2
2020-08-19,0,0,0
2020-08-18,0,0,3
2020-08-17,0,0,0
2020-08-16,0,0,1
2020-08-15,0,0,1
2020-08-14,0,0,1
2020-08-13,0,0,0
2020-08-12,0,0,1
2020-08-11,0,0,0
2020-08-10,0,0,3
2020-08-09,0,0,4
2020-08-08,0,0,2
2020-08-07,0,0,1
2020-08-06,0,0,3
2020-08-05,0,0,2
2020-08-04,0,0,1
2020-08-03,0,0,1
2020-08-02,0,0,0
2020-08-01,0,0,0
2020-07-31,0,0,0
2020-07-30,0,0,2
2020-07-29,0,0,1
2020-07-28,0,0,0
2020-07-27,0,0,0
2020-07-26,0,0,0
2020-07-25,0,0,1
2020-07-24,0,0,0
2020-07-23,0,0,0
2020-07-22,0,0,0
2020-07-21,0,0,2
2020-07-20,0,0,0
2020-07-19,0,0,1
2020-07-18,0,0,1
2020-07-17,0,0,1
2020-07-16,0,0,1
2020-07-15,0,0,0
2020-07-14,0,0,0
2020-07-13,0,0,0
2020-07-12,0,0,2
2020-07-11,0,0,0
2020-07-10,0,0,0
2020-07-09,0,0,3
2020-07-08,0,0,2
2020-07-07,0,0,2
2020-07-06,0,0,3
2020-07-05,0,0,0
2020-07-04,0,0,0
2020-07-03,0,0,1
2020-07-02,0,0,1
2020-07-01,0,0,0
2020-06-30,0,0,0
2020-06-29,0,0,2
2020-06-28,0,0,1
2020-06-27,0,0,1
2020-06-26,0,0,0
2020-06-25,1,0,8
2020-06-24,0,0,5
2020-06-23,0,0,3
2020-06-22,0,0,2
2020-06-21,0,0,1
2020-06-20,0,0,0
2020-06-19,0,0,2
2020-06-18,0,0,0
2020-06-17,0,0,0
2020-06-16,0,0,2
2020-06-15,0,0,1
2020-06-14,0,0,0
2020-06-13,0,0,0
2020-06-12,0,0,1
2020-06-11,0,0,0
2020-06-10,0,0,3
2020-06-09,0,0,1
2020-06-08,0,0,1
2020-06-07,0,0,1
2020-06-06,0,0,1
2020-06-05,0,0,0
2020-06-04,0,0,1
2020-06-03,0,0,1
2020-06-02,0,0,0
2020-06-01,0,0,1
2020-05-31,0,0,1
2020-05-30,0,0,0
2020-05-29,0,0,0
2020-05-28,0,0,2
2020-05-27,0,0,2
2020-05-26,0,0,0
2020-05-25,0,0,0
2020-05-24,0,0,0
2020-05-23,0,0,1
2020-05-22,0,0,1
2020-05-21,0,0,0
2020-05-20,0,0,0
2020-05-19,0,0,0
2020-05-18,0,0,0
2020-05-17,0,0,0
2020-05-16,0,0,0
2020-05-15,0,0,2
2020-05-14,0,0,1
2020-05-13,0,0,1
2020-05-12,0,0,0
2020-05-11,0,0,1
2020-05-10,0,0,2
2020-05-09,0,0,0
2020-05-08,0,0,0
2020-05-07,0,0,0
2020-05-06,0,0,0
2020-05-05,0,0,0
2020-05-04,1,0,4
2020-05-03,0,0,3
2020-05-02,0,0,1
2020-05-01,0,0,0
2020-04-30,0,0,0
2020-04-29,0,0,2
2020-04-28,0,0,11
2020-04-27,0,0,0
2020-04-26,0,0,0
2020-04-25,0,0,0
2020-04-24,0,0,0
2020-04-23,0,0,1
2020-04-22,0,0,0
2020-04-21,0,0,0
2020-04-20,0,0,0
2020-04-19,0,0,3
2020-04-18,0,0,0
2020-04-17,0,0,1
2020-04-16,0,0,1
2020-04-15,0,0,1
2020-04-14,0,0,0
2020-04-13,0,0,0
2020-04-12,0,0,1
2020-04-11,0,0,0
2020-04-10,0,0,0
2020-04-09,0,0,0
2020-04-08,0,0,1
2020-04-07,0,0,1
2020-04-06,0,0,1
2020-04-05,0,0,0
2020-04-04,0,0,0
2020-04-03,0,0,1
2020-04-02,0,0,0
2020-04-01,0,0,0
2020-03-31,0,0,0
2020-03-30,0,0,0
2020-03-29,0,0,0
2020-03-28,0,0,0
2020-03-27,0,0,0
2020-03-26,0,0,1
2020-03-25,0,0,0
2020-03-24,0,0,0
2020-03-23,0,0,0
2020-03-22,0,0,0
2020-03-21,0,0,0
2020-03-20,0,0,0
2020-03-19,0,0,0
2020-03-18,0,0,0
2020-03-17,0,0,0
2020-03-16,0,0,2
2020-03-15,0,0,1
2020-03-14,0,0,0
2020-03-13,0,0,0
2020-03-12,0,0,3
2020-03-11,0,0,0
2020-03-10,0,0,1
2020-03-09,0,0,0
2020-03-08,0,0,0
2020-03-07,0,0,0
2020-03-06,0,0,0
2020-03-05,0,0,3
2020-03-04,0,0,0
2020-03-03,0,0,0
2020-03-02,0,0,1
2020-03-01,0,0,0
2020-02-29,0,0,2
2020-02-28,0,0,0
2020-02-27,0,0,1
2020-02-26,0,0,2
2020-02-25,1,0,1
2020-02-24,0,0,0
2020-02-23,0,0,1
2020-02-22,0,0,0
2020-02-21,0,0,1
2020-02-20,0,0,1
2020-02-19,0,0,0
2020-02-18,0,0,1
2020-02-17,0,0,0
2020-02-16,0,0,1
2020-02-15,0,0,2
2020-02-14,0,0,0
2020-02-13,0,0,0
2020-02-12,0,0,2
2020-02-11,0,0,3
2020-02-10,0,0,0
2020-02-09,0,0,2
2020-02-08,0,0,0
2020-02-07,0,0,2
2020-02-06,0,0,1
2020-02-05,0,0,0
2020-02-04,0,0,6
2020-02-03,0,0,0
2020-02-02,0,0,3
2020-02-01,0,0,1
2020-01-31,0,0,0
2020-01-30,0,0,0
2020-01-29,0,0,0
2020-01-28,0,0,1
2020-01-27,0,0,2
2020-01-26,0,0,0
2020-01-25,0,0,0
2020-01-24,0,0,0
2020-01-23,0,0,0
2020-01-22,0,0,0
2020-01-21,0,0,1
2020-01-20,0,0,2
2020-01-19,0,0,2
2020-01-18,0,0,0
2020-01-17,0,0,0
2020-01-16,0,0,0
2020-01-15,0,0,0
2020-01-14,0,0,1
2020-01-13,0,0,0
2020-01-12,0,0,3
2020-01-11,1,1,6
2020-01-10,0,0,2
2020-01-09,0,0,0
2020-01-08,0,0,0
2020-01-07,0,0,0
2020-01-06,0,0,0
2020-01-05,0,0,0
2020-01-04,0,0,0
2020-01-03,0,0,0
2020-01-02,0,0,0
2020-01-01,0,0,0
2019-12-31,0,0,0
2019-12-30,0,0,0
2019-12-29,0,0,1
2019-12-28,0,0,0
2019-12-27,0,0,0
2019-12-26,0,0,0
2019-12-25,0,0,0
2019-12-24,0,0,0
2019-12-23,0,0,0
2019-12-22,0,0,0
2019-12-21,0,0,0
2019-12-20,0,0,0
2019-12-19,0,0,0
2019-12-18,0,0,2
2019-12-17,0,0,0
2019-12-16,0,0,0
2019-12-15,0,0,2
2019-12-14,0,0,0
2019-12-13,0,0,0
2019-12-12,0,0,0
2019-12-11,0,0,0
2019-12-10,0,0,2
2019-12-09,0,0,0
2019-12-08,0,0,0
2019-12-07,0,0,1
2019-12-06,0,0,0
2019-12-05,0,0,0
2019-12-04,0,0,3
2019-12-03,0,0,0
2019-12-02,1,0,3
2019-12-01,0,0,2
2019-11-30,0,0,0
2019-11-29,0,0,4
2019-11-28,0,0,0
2019-11-27,0,0,2
2019-11-26,0,0,1
2019-11-25,0,0,1
2019-11-24,0,0,2
2019-11-23,0,0,0
2019-11-22,0,0,1
2019-11-21,0,0,0
2019-11-20,0,0,1
2019-11-19,0,0,0
2019-11-18,0,0,0
2019-11-17,0,0,0
2019-11-16,0,0,1
2019-11-15,0,0,2
2019-11-14,0,0,0
2019-11-13,0,0,0
2019-11-12,0,0,0
2019-11-11,0,0,3
2019-11-10,0,0,0
2019-11-09,0,0,0
2019-11-08,0,0,0
2019-11-07,0,0,0
2019-11-06,0,0,0
2019-11-05,0,0,1
2019-11-04,0,0,2
2019-11-03,0,0,2
2019-11-02,0,0,0
2019-11-01,0,0,1
2019-10-31,0,0,2
2019-10-30,0,0,0
2019-10-29,0,0,0
2019-10-28,0,0,0
2019-10-27,0,0,7
2019-10-26,0,0,0
2019-10-25,0,0,3
2019-10-24,0,0,0
2019-10-23,0,0,0
2019-10-22,0,0,0
2019-10-21,0,0,1
2019-10-20,0,0,1
2019-10-19,0,0,10
2019-10-18,0,0,1
2019-10-17,0,0,1
2019-10-16,0,0,2
2019-10-15,0,0,4
2019-10-14,0,0,0
2019-10-13,0,0,0
2019-10-12,0,0,0
2019-10-11,0,0,1
2019-10-10,0,0,0
2019-10-09,0,0,2
2019-10-08,0,0,0
2019-10-07,0,0,0
2019-10-06,0,0,2
2019-10-05,0,0,1
2019-10-04,0,0,0
2019-10-03,1,0,1
2019-10-02,2,0,8
2019-10-01,0,0,8
2019-09-30,0,0,5
2019-09-29,2,0,14
2019-09-28,3,0,21
2019-09-27,1,0,3
2019-09-26,0,0,0
2019-09-25,0,0,0
2019-09-24,0,0,0
2019-09-23,0,0,0
2019-09-22,0,0,0
2019-09-21,0,0,0
2019-09-20,0,0,0
2019-09-19,0,0,0
2019-09-18,0,0,0
2019-09-17,0,0,0
2019-09-16,0,0,0
2019-09-15,0,0,0
2019-09-14,0,0,0
2019-09-13,0,0,0
2019-09-12,0,0,0
2019-09-11,0,0,0
2019-09-10,0,0,0
2019-09-09,0,0,0
2019-09-08,0,0,0
2019-09-07,0,0,0
2019-09-06,0,0,0
2019-09-05,0,0,0
2019-09-04,0,0,0
2019-09-03,0,0,0
2019-09-02,0,0,0
2019-09-01,0,0,0
2019-08-31,0,0,0
2019-08-30,0,0,0
2019-08-29,0,0,0
2019-08-28,0,0,0
2019-08-27,0,0,0
2019-08-26,0,0,0
2019-08-25,0,0,0
2019-08-24,0,0,0
2019-08-23,0,0,0
2019-08-22,0,0,0
