day,views,estimatedMinutesWatched,averageViewDuration,averageViewPercentage,subscribersGained
2019-01-01,0,0,0,0.0,0
2019-01-02,0,0,0,0.0,0
2019-01-03,0,0,0,0.0,0
2019-01-04,0,0,0,0.0,0
2019-01-05,0,0,0,0.0,0
2019-01-06,0,0,0,0.0,0
2019-01-07,0,0,0,0.0,0
2019-01-08,0,0,0,0.0,0
2019-01-09,0,0,0,0.0,0
2019-01-10,0,0,0,0.0,0
2019-01-11,0,0,0,0.0,0
2019-01-12,0,0,0,0.0,0
2019-01-13,0,0,0,0.0,0
2019-01-14,0,0,0,0.0,0
2019-01-15,0,0,0,0.0,0
2019-01-16,0,0,0,0.0,0
2019-01-17,0,0,0,0.0,0
2019-01-18,0,0,0,0.0,0
2019-01-19,0,0,0,0.0,0
2019-01-20,0,0,0,0.0,0
2019-01-21,0,0,0,0.0,0
2019-01-22,0,0,0,0.0,0
2019-01-23,0,0,0,0.0,0
2019-01-24,0,0,0,0.0,0
2019-01-25,0,0,0,0.0,0
2019-01-26,0,0,0,0.0,0
2019-01-27,0,0,0,0.0,0
2019-01-28,0,0,0,0.0,0
2019-01-29,0,0,0,0.0,0
2019-01-30,0,0,0,0.0,0
2019-01-31,0,0,0,0.0,0
2019-02-01,0,0,0,0.0,0
2019-02-02,0,0,0,0.0,0
2019-02-03,0,0,0,0.0,0
2019-02-04,0,0,0,0.0,0
2019-02-05,0,0,0,0.0,0
2019-02-06,0,0,0,0.0,0
2019-02-07,0,0,0,0.0,0
2019-02-08,0,0,0,0.0,0
2019-02-09,0,0,0,0.0,0
2019-02-10,0,0,0,0.0,0
2019-02-11,0,0,0,0.0,0
2019-02-12,0,0,0,0.0,0
2019-02-13,0,0,0,0.0,0
2019-02-14,0,0,0,0.0,0
2019-02-15,0,0,0,0.0,0
2019-02-16,0,0,0,0.0,0
2019-02-17,0,0,0,0.0,0
2019-02-18,0,0,0,0.0,0
2019-02-19,0,0,0,0.0,0
2019-02-20,0,0,0,0.0,0
2019-02-21,0,0,0,0.0,0
2019-02-22,0,0,0,0.0,0
2019-02-23,0,0,0,0.0,0
2019-02-24,0,0,0,0.0,0
2019-02-25,0,0,0,0.0,0
2019-02-26,0,0,0,0.0,0
2019-02-27,0,0,0,0.0,0
2019-02-28,0,0,0,0.0,0
2019-03-01,0,0,0,0.0,0
2019-03-02,0,0,0,0.0,0
2019-03-03,0,0,0,0.0,0
2019-03-04,0,0,0,0.0,0
2019-03-05,0,0,0,0.0,0
2019-03-06,0,0,0,0.0,0
2019-03-07,0,0,0,0.0,0
2019-03-08,0,0,0,0.0,0
2019-03-09,0,0,0,0.0,0
2019-03-10,0,0,0,0.0,0
2019-03-11,0,0,0,0.0,0
2019-03-12,0,0,0,0.0,0
2019-03-13,0,0,0,0.0,0
2019-03-14,0,0,0,0.0,0
2019-03-15,0,0,0,0.0,0
2019-03-16,0,0,0,0.0,0
2019-03-17,0,0,0,0.0,0
2019-03-18,0,0,0,0.0,0
2019-03-19,0,0,0,0.0,0
2019-03-20,0,0,0,0.0,0
2019-03-21,0,0,0,0.0,0
2019-03-22,0,0,0,0.0,0
2019-03-23,0,0,0,0.0,0
2019-03-24,0,0,0,0.0,0
2019-03-25,0,0,0,0.0,0
2019-03-26,0,0,0,0.0,0
2019-03-27,0,0,0,0.0,0
2019-03-28,0,0,0,0.0,0
2019-03-29,0,0,0,0.0,0
2019-03-30,0,0,0,0.0,0
2019-03-31,0,0,0,0.0,0
2019-04-01,0,0,0,0.0,0
2019-04-02,0,0,0,0.0,0
2019-04-03,0,0,0,0.0,0
2019-04-04,0,0,0,0.0,0
2019-04-05,0,0,0,0.0,0
2019-04-06,0,0,0,0.0,0
2019-04-07,0,0,0,0.0,0
2019-04-08,0,0,0,0.0,0
2019-04-09,0,0,0,0.0,0
2019-04-10,0,0,0,0.0,0
2019-04-11,0,0,0,0.0,0
2019-04-12,0,0,0,0.0,0
2019-04-13,0,0,0,0.0,0
2019-04-14,0,0,0,0.0,0
2019-04-15,0,0,0,0.0,0
2019-04-16,0,0,0,0.0,0
2019-04-17,0,0,0,0.0,0
2019-04-18,0,0,0,0.0,0
2019-04-19,0,0,0,0.0,0
2019-04-20,0,0,0,0.0,0
2019-04-21,0,0,0,0.0,0
2019-04-22,0,0,0,0.0,0
2019-04-23,0,0,0,0.0,0
2019-04-24,0,0,0,0.0,0
2019-04-25,0,0,0,0.0,0
2019-04-26,0,0,0,0.0,0
2019-04-27,0,0,0,0.0,0
2019-04-28,0,0,0,0.0,0
2019-04-29,0,0,0,0.0,0
2019-04-30,0,0,0,0.0,0
2019-05-01,0,0,0,0.0,0
2019-05-02,0,0,0,0.0,0
2019-05-03,0,0,0,0.0,0
2019-05-04,0,0,0,0.0,0
2019-05-05,0,0,0,0.0,0
2019-05-06,0,0,0,0.0,0
2019-05-07,0,0,0,0.0,0
2019-05-08,0,0,0,0.0,0
2019-05-09,0,0,0,0.0,0
2019-05-10,0,0,0,0.0,0
2019-05-11,0,0,0,0.0,0
2019-05-12,0,0,0,0.0,0
2019-05-13,0,0,0,0.0,0
2019-05-14,0,0,0,0.0,0
2019-05-15,0,0,0,0.0,0
2019-05-16,0,0,0,0.0,0
2019-05-17,0,0,0,0.0,0
2019-05-18,0,0,0,0.0,0
2019-05-19,0,0,0,0.0,0
2019-05-20,0,0,0,0.0,0
2019-05-21,0,0,0,0.0,0
2019-05-22,0,0,0,0.0,0
2019-05-23,0,0,0,0.0,0
2019-05-24,0,0,0,0.0,0
2019-05-25,0,0,0,0.0,0
2019-05-26,0,0,0,0.0,0
2019-05-27,0,0,0,0.0,0
2019-05-28,0,0,0,0.0,0
2019-05-29,0,0,0,0.0,0
2019-05-30,0,0,0,0.0,0
2019-05-31,0,0,0,0.0,0
2019-06-01,0,0,0,0.0,0
2019-06-02,0,0,0,0.0,0
2019-06-03,0,0,0,0.0,0
2019-06-04,0,0,0,0.0,0
2019-06-05,0,0,0,0.0,0
2019-06-06,0,0,0,0.0,0
2019-06-07,0,0,0,0.0,0
2019-06-08,0,0,0,0.0,0
2019-06-09,0,0,0,0.0,0
2019-06-10,0,0,0,0.0,0
2019-06-11,0,0,0,0.0,0
2019-06-12,0,0,0,0.0,0
2019-06-13,0,0,0,0.0,0
2019-06-14,0,0,0,0.0,0
2019-06-15,0,0,0,0.0,0
2019-06-16,0,0,0,0.0,0
2019-06-17,0,0,0,0.0,0
2019-06-18,0,0,0,0.0,0
2019-06-19,0,0,0,0.0,0
2019-06-20,0,0,0,0.0,0
2019-06-21,0,0,0,0.0,0
2019-06-22,0,0,0,0.0,0
2019-06-23,0,0,0,0.0,0
2019-06-24,0,0,0,0.0,0
2019-06-25,0,0,0,0.0,0
2019-06-26,0,0,0,0.0,0
2019-06-27,0,0,0,0.0,0
2019-06-28,0,0,0,0.0,0
2019-06-29,0,0,0,0.0,0
2019-06-30,0,0,0,0.0,0
2019-07-01,0,0,0,0.0,0
2019-07-02,0,0,0,0.0,0
2019-07-03,0,0,0,0.0,0
2019-07-04,0,0,0,0.0,0
2019-07-05,0,0,0,0.0,0
2019-07-06,0,0,0,0.0,0
2019-07-07,0,0,0,0.0,0
2019-07-08,0,0,0,0.0,0
2019-07-09,0,0,0,0.0,0
2019-07-10,0,0,0,0.0,0
2019-07-11,0,0,0,0.0,0
2019-07-12,0,0,0,0.0,0
2019-07-13,0,0,0,0.0,0
2019-07-14,0,0,0,0.0,0
2019-07-15,0,0,0,0.0,0
2019-07-16,0,0,0,0.0,0
2019-07-17,0,0,0,0.0,0
2019-07-18,0,0,0,0.0,0
2019-07-19,0,0,0,0.0,0
2019-07-20,0,0,0,0.0,0
2019-07-21,0,0,0,0.0,0
2019-07-22,0,0,0,0.0,0
2019-07-23,0,0,0,0.0,0
2019-07-24,0,0,0,0.0,0
2019-07-25,0,0,0,0.0,0
2019-07-26,0,0,0,0.0,0
2019-07-27,0,0,0,0.0,0
2019-07-28,0,0,0,0.0,0
2019-07-29,0,0,0,0.0,0
2019-07-30,0,0,0,0.0,0
2019-07-31,0,0,0,0.0,0
2019-08-01,0,0,0,0.0,0
2019-08-02,0,0,0,0.0,0
2019-08-03,0,0,0,0.0,0
2019-08-04,0,0,0,0.0,0
2019-08-05,0,0,0,0.0,0
2019-08-06,0,0,0,0.0,0
2019-08-07,0,0,0,0.0,0
2019-08-08,0,0,0,0.0,0
2019-08-09,0,0,0,0.0,0
2019-08-10,0,0,0,0.0,0
2019-08-11,0,0,0,0.0,0
2019-08-12,0,0,0,0.0,0
2019-08-13,0,0,0,0.0,0
2019-08-14,0,0,0,0.0,0
2019-08-15,0,0,0,0.0,0
2019-08-16,0,0,0,0.0,0
2019-08-17,0,0,0,0.0,0
2019-08-18,0,0,0,0.0,0
2019-08-19,0,0,0,0.0,0
2019-08-20,0,0,0,0.0,0
2019-08-21,0,0,0,0.0,0
2019-08-22,0,0,0,0.0,0
2019-08-23,0,0,0,0.0,0
2019-08-24,0,0,0,0.0,0
2019-08-25,0,0,0,0.0,0
2019-08-26,0,0,0,0.0,0
2019-08-27,0,0,0,0.0,0
2019-08-28,0,0,0,0.0,0
2019-08-29,0,0,0,0.0,0
2019-08-30,0,0,0,0.0,0
2019-08-31,0,0,0,0.0,0
2019-09-01,0,0,0,0.0,0
2019-09-02,0,0,0,0.0,0
2019-09-03,0,0,0,0.0,0
2019-09-04,0,0,0,0.0,0
2019-09-05,0,0,0,0.0,0
2019-09-06,0,0,0,0.0,0
2019-09-07,0,0,0,0.0,0
2019-09-08,0,0,0,0.0,0
2019-09-09,0,0,0,0.0,0
2019-09-10,0,0,0,0.0,0
2019-09-11,0,0,0,0.0,0
2019-09-12,0,0,0,0.0,0
2019-09-13,0,0,0,0.0,0
2019-09-14,0,0,0,0.0,0
2019-09-15,0,0,0,0.0,0
2019-09-16,0,0,0,0.0,0
2019-09-17,0,0,0,0.0,0
2019-09-18,0,0,0,0.0,0
2019-09-19,0,0,0,0.0,0
2019-09-20,0,0,0,0.0,0
2019-09-21,0,0,0,0.0,0
2019-09-22,0,0,0,0.0,0
2019-09-23,0,0,0,0.0,0
2019-09-24,0,0,0,0.0,0
2019-09-25,0,0,0,0.0,0
2019-09-26,0,0,0,0.0,0
2019-09-27,3,3,75,60.84,1
2019-09-28,21,30,87,71.48,3
2019-09-29,14,28,121,69.99,2
2019-09-30,5,13,157,87.15,0
2019-10-01,8,12,95,76.87,0
2019-10-02,8,5,41,33.42,2
2019-10-03,1,0,2,1.6,1
2019-10-04,0,0,0,0.0,0
2019-10-05,1,2,124,99.9,0
2019-10-06,2,1,38,31.209999999999997,0
2019-10-07,0,0,0,0.0,0
2019-10-08,0,0,0,0.0,0
2019-10-09,2,0,17,13.96,0
2019-10-10,0,0,0,0.0,0
2019-10-11,1,0,16,13.309999999999999,0
2019-10-12,0,0,0,0.0,0
2019-10-13,0,0,0,0.0,0
2019-10-14,0,0,0,0.0,0
2019-10-15,4,4,70,36.21,0
2019-10-16,2,0,10,8.16,0
2019-10-17,1,2,123,99.9,0
2019-10-18,1,2,130,105.52999999999999,0
2019-10-19,10,9,55,30.579999999999995,0
2019-10-20,1,2,122,98.86,0
2019-10-21,1,0,0,0.5,0
2019-10-22,0,0,0,0.0,0
2019-10-23,0,0,0,0.0,0
2019-10-24,0,0,0,0.0,0
2019-10-25,3,6,129,59.53000000000001,0
2019-10-26,0,0,0,0.0,0
2019-10-27,7,10,87,33.06,0
2019-10-28,0,0,0,0.0,0
2019-10-29,0,0,0,0.0,0
2019-10-30,0,0,0,0.0,0
2019-10-31,2,0,25,20.38,0
2019-11-01,1,0,18,14.88,0
2019-11-02,0,0,0,0.0,0
2019-11-03,2,3,102,52.46999999999999,0
2019-11-04,2,2,76,39.58,0
2019-11-05,1,2,145,54.90999999999999,0
2019-11-06,0,0,0,0.0,0
2019-11-07,0,0,0,0.0,0
2019-11-08,0,0,0,0.0,0
2019-11-09,0,0,0,0.0,0
2019-11-10,0,0,0,0.0,0
2019-11-11,3,5,114,43.28,0
2019-11-12,0,0,0,0.0,0
2019-11-13,0,0,0,0.0,0
2019-11-14,0,0,0,0.0,0
2019-11-15,2,3,107,40.53,0
2019-11-16,1,0,7,2.64,0
2019-11-17,0,0,0,0.0,0
2019-11-18,0,0,0,0.0,0
2019-11-19,0,0,0,0.0,0
2019-11-20,1,3,196,74.11,0
2019-11-21,0,0,0,0.0,0
2019-11-22,1,0,2,1.09,0
2019-11-23,0,0,0,0.0,0
2019-11-24,2,2,87,45.13,0
2019-11-25,1,2,120,99.5,0
2019-11-26,1,1,79,29.89,0
2019-11-27,2,2,70,26.75,0
2019-11-28,0,0,0,0.0,0
2019-11-29,4,6,102,38.72,0
2019-11-30,0,0,0,0.0,0
2019-12-01,2,4,137,51.86999999999999,0
2019-12-02,3,10,200,75.72,1
2019-12-03,0,0,0,0.0,0
2019-12-04,3,0,7,2.86,0
2019-12-05,0,0,0,0.0,0
2019-12-06,0,0,0,0.0,0
2019-12-07,1,0,54,20.57,0
2019-12-08,0,0,0,0.0,0
2019-12-09,0,0,0,0.0,0
2019-12-10,2,0,1,0.38,0
2019-12-11,0,0,0,0.0,0
2019-12-12,0,0,0,0.0,0
2019-12-13,0,0,0,0.0,0
2019-12-14,0,0,0,0.0,0
2019-12-15,2,1,49,18.73,0
2019-12-16,0,0,0,0.0,0
2019-12-17,0,0,0,0.0,0
2019-12-18,2,6,205,77.52,0
2019-12-19,0,0,0,0.0,0
2019-12-20,0,0,0,0.0,0
2019-12-21,0,0,0,0.0,0
2019-12-22,0,0,0,0.0,0
2019-12-23,0,0,0,0.0,0
2019-12-24,0,0,0,0.0,0
2019-12-25,0,0,0,0.0,0
2019-12-26,0,0,0,0.0,0
2019-12-27,0,0,0,0.0,0
2019-12-28,0,0,0,0.0,0
2019-12-29,1,2,142,53.92,0
2019-12-30,0,0,0,0.0,0
2019-12-31,0,0,0,0.0,0
2020-01-01,0,0,0,0.0,0
2020-01-02,0,0,0,0.0,0
2020-01-03,0,0,0,0.0,0
2020-01-04,0,0,0,0.0,0
2020-01-05,0,0,0,0.0,0
2020-01-06,0,0,0,0.0,0
2020-01-07,0,0,0,0.0,0
2020-01-08,0,0,0,0.0,0
2020-01-09,0,0,0,0.0,0
2020-01-10,2,7,211,79.96,0
2020-01-11,6,13,134,55.99000000000001,1
2020-01-12,3,8,162,61.47,0
2020-01-13,0,0,0,0.0,0
2020-01-14,1,0,15,12.38,0
2020-01-15,0,0,0,0.0,0
2020-01-16,0,0,0,0.0,0
2020-01-17,0,0,0,0.0,0
2020-01-18,0,0,0,0.0,0
2020-01-19,2,4,134,50.8,0
2020-01-20,2,1,41,15.58,0
2020-01-21,1,0,4,1.55,0
2020-01-22,0,0,0,0.0,0
2020-01-23,0,0,0,0.0,0
2020-01-24,0,0,0,0.0,0
2020-01-25,0,0,0,0.0,0
2020-01-26,0,0,0,0.0,0
2020-01-27,2,2,76,28.96,0
2020-01-28,1,4,264,99.86,0
2020-01-29,0,0,0,0.0,0
2020-01-30,0,0,0,0.0,0
2020-01-31,0,0,0,0.0,0
2020-02-01,1,2,120,99.42,0
2020-02-02,3,6,120,55.40999999999999,0
2020-02-03,0,0,0,0.0,0
2020-02-04,6,1,10,4.5,0
2020-02-05,0,0,0,0.0,0
2020-02-06,1,0,8,3.17,0
2020-02-07,2,5,159,60.33,0
2020-02-08,0,0,0,0.0,0
2020-02-09,2,3,115,59.9,0
2020-02-10,0,0,0,0.0,0
2020-02-11,3,8,165,75.74,0
2020-02-12,2,5,163,61.83,0
2020-02-13,0,0,0,0.0,0
2020-02-14,0,0,0,0.0,0
2020-02-15,2,0,13,6.75,0
2020-02-16,1,1,72,59.82999999999999,0
2020-02-17,0,0,0,0.0,0
2020-02-18,1,2,148,56.19,0
2020-02-19,0,0,0,0.0,0
2020-02-20,1,0,4,3.39,0
2020-02-21,1,0,16,13.309999999999999,0
2020-02-22,0,0,0,0.0,0
2020-02-23,1,0,52,19.62,0
2020-02-24,0,0,0,0.0,0
2020-02-25,1,4,244,92.11,1
2020-02-26,2,4,133,50.4,0
2020-02-27,1,2,151,56.99000000000001,0
2020-02-28,0,0,0,0.0,0
2020-02-29,2,0,26,21.82,0
2020-03-01,0,0,0,0.0,0
2020-03-02,1,2,171,141.73,0
2020-03-03,0,0,0,0.0,0
2020-03-04,0,0,0,0.0,0
2020-03-05,3,3,61,50.629999999999995,0
2020-03-06,0,0,0,0.0,0
2020-03-07,0,0,0,0.0,0
2020-03-08,0,0,0,0.0,0
2020-03-09,0,0,0,0.0,0
2020-03-10,1,0,55,21.06,0
2020-03-11,0,0,0,0.0,0
2020-03-12,3,4,89,33.92,0
2020-03-13,0,0,0,0.0,0
2020-03-14,0,0,0,0.0,0
2020-03-15,1,2,138,52.15,0
2020-03-16,2,3,91,34.59,0
2020-03-17,0,0,0,0.0,0
2020-03-18,0,0,0,0.0,0
2020-03-19,0,0,0,0.0,0
2020-03-20,0,0,0,0.0,0
2020-03-21,0,0,0,0.0,0
2020-03-22,0,0,0,0.0,0
2020-03-23,0,0,0,0.0,0
2020-03-24,0,0,0,0.0,0
2020-03-25,0,0,0,0.0,0
2020-03-26,1,2,126,47.7,0
2020-03-27,0,0,0,0.0,0
2020-03-28,0,0,0,0.0,0
2020-03-29,0,0,0,0.0,0
2020-03-30,0,0,0,0.0,0
2020-03-31,0,0,0,0.0,0
2020-04-01,0,0,0,0.0,0
2020-04-02,0,0,0,0.0,0
2020-04-03,1,0,6,2.6,0
2020-04-04,0,0,0,0.0,0
2020-04-05,0,0,0,0.0,0
2020-04-06,1,0,28,23.8,0
2020-04-07,1,0,5,4.13,0
2020-04-08,1,3,227,85.77,0
2020-04-09,0,0,0,0.0,0
2020-04-10,0,0,0,0.0,0
2020-04-11,0,0,0,0.0,0
2020-04-12,1,0,14,12.07,0
2020-04-13,0,0,0,0.0,0
2020-04-14,0,0,0,0.0,0
2020-04-15,1,0,53,44.15,0
2020-04-16,1,0,25,21.24,0
2020-04-17,1,1,104,39.61,0
2020-04-18,0,0,0,0.0,0
2020-04-19,3,0,14,8.76,0
2020-04-20,0,0,0,0.0,0
2020-04-21,0,0,0,0.0,0
2020-04-22,0,0,0,0.0,0
2020-04-23,1,0,3,3.11,0
2020-04-24,0,0,0,0.0,0
2020-04-25,0,0,0,0.0,0
2020-04-26,0,0,0,0.0,0
2020-04-27,0,0,0,0.0,0
2020-04-28,11,22,122,46.15,0
2020-04-29,2,4,132,49.96,0
2020-04-30,0,0,0,0.0,0
2020-05-01,0,0,0,0.0,0
2020-05-02,1,0,5,4.63,0
2020-05-03,3,2,47,17.88,0
2020-05-04,4,9,142,53.900000000000006,1
2020-05-05,0,0,0,0.0,0
2020-05-06,0,0,0,0.0,0
2020-05-07,0,0,0,0.0,0
2020-05-08,0,0,0,0.0,0
2020-05-09,0,0,0,0.0,0
2020-05-10,2,3,111,41.98,0
2020-05-11,1,0,10,4.08,0
2020-05-12,0,0,0,0.0,0
2020-05-13,1,0,1,0.42,0
2020-05-14,1,0,19,16.38,0
2020-05-15,2,0,29,11.17,0
2020-05-16,0,0,0,0.0,0
2020-05-17,0,0,0,0.0,0
2020-05-18,0,0,0,0.0,0
2020-05-19,0,0,0,0.0,0
2020-05-20,0,0,0,0.0,0
2020-05-21,0,0,0,0.0,0
2020-05-22,1,0,54,20.63,0
2020-05-23,1,3,195,73.62,0
2020-05-24,0,0,0,0.0,0
2020-05-25,0,0,0,0.0,0
2020-05-26,0,0,0,0.0,0
2020-05-27,2,4,137,51.97999999999999,0
2020-05-28,2,4,125,47.32,0
2020-05-29,0,0,0,0.0,0
2020-05-30,0,0,0,0.0,0
2020-05-31,1,0,4,1.77,0
2020-06-01,1,2,143,54.04,0
2020-06-02,0,0,0,0.0,0
2020-06-03,1,1,60,22.79,0
2020-06-04,1,2,128,48.53,0
2020-06-05,0,0,0,0.0,0
2020-06-06,1,0,3,1.4,0
2020-06-07,1,0,18,6.79,0
2020-06-08,1,3,188,71.05,0
2020-06-09,1,1,91,34.34,0
2020-06-10,3,8,161,60.79,0
2020-06-11,0,0,0,0.0,0
2020-06-12,1,4,253,95.81,0
2020-06-13,0,0,0,0.0,0
2020-06-14,0,0,0,0.0,0
2020-06-15,1,0,31,11.7,0
2020-06-16,2,0,26,22.06,0
2020-06-17,0,0,0,0.0,0
2020-06-18,0,0,0,0.0,0
2020-06-19,2,6,197,74.47,0
2020-06-20,0,0,0,0.0,0
2020-06-21,1,4,247,93.57,0
2020-06-22,2,4,144,54.449999999999996,0
2020-06-23,3,5,108,40.86,0
2020-06-24,5,13,163,61.68,0
2020-06-25,8,7,57,32.79,1
2020-06-26,0,0,0,0.0,0
2020-06-27,1,4,277,104.88,0
2020-06-28,1,2,136,51.32,0
2020-06-29,2,3,118,61.419999999999995,0
2020-06-30,0,0,0,0.0,0
2020-07-01,0,0,0,0.0,0
2020-07-02,1,0,23,9.02,0
2020-07-03,1,0,3,1.47,0
2020-07-04,0,0,0,0.0,0
2020-07-05,0,0,0,0.0,0
2020-07-06,3,9,190,71.96,0
2020-07-07,2,5,178,67.28,0
2020-07-08,2,4,120,45.62,0
2020-07-09,3,7,149,56.32,0
2020-07-10,0,0,0,0.0,0
2020-07-11,0,0,0,0.0,0
2020-07-12,2,4,122,46.12,0
2020-07-13,0,0,0,0.0,0
2020-07-14,0,0,0,0.0,0
2020-07-15,0,0,0,0.0,0
2020-07-16,1,6,381,144.11,0
2020-07-17,1,0,32,26.780000000000005,0
2020-07-18,1,0,35,13.55,0
2020-07-19,1,1,111,41.93,0
2020-07-20,0,0,0,0.0,0
2020-07-21,2,0,27,10.32,0
2020-07-22,0,0,0,0.0,0
2020-07-23,0,0,0,0.0,0
2020-07-24,0,0,0,0.0,0
2020-07-25,1,0,7,2.94,0
2020-07-26,0,0,0,0.0,0
2020-07-27,0,0,0,0.0,0
2020-07-28,0,0,0,0.0,0
2020-07-29,1,4,263,99.45,0
2020-07-30,2,0,1,0.57,0
2020-07-31,0,0,0,0.0,0
2020-08-01,0,0,0,0.0,0
2020-08-02,0,0,0,0.0,0
2020-08-03,1,4,264,99.85,0
2020-08-04,1,0,9,3.71,0
2020-08-05,2,4,133,50.32,0
2020-08-06,3,3,62,23.75,0
2020-08-07,1,1,89,33.66,0
2020-08-08,2,4,144,54.54,0
2020-08-09,4,5,80,30.34,0
2020-08-10,3,2,42,16.2,0
2020-08-11,0,0,0,0.0,0
2020-08-12,1,0,48,39.67,0
2020-08-13,0,0,0,0.0,0
2020-08-14,1,4,280,105.89,0
2020-08-15,1,0,1,0.57,0
2020-08-16,1,7,424,160.19,0
2020-08-17,0,0,0,0.0,0
2020-08-18,3,3,78,29.67,0
2020-08-19,0,0,0,0.0,0
2020-08-20,2,9,279,105.45,0
2020-08-21,1,0,59,22.53,0
2020-08-22,1,2,148,55.88000000000001,0
2020-08-23,2,5,174,65.68,0
2020-08-24,2,3,98,37.05,0
2020-08-25,0,0,0,0.0,0
2020-08-26,5,7,92,35.02,0
2020-08-27,0,0,0,0.0,0
2020-08-28,1,1,62,23.77,0
2020-08-29,1,0,10,3.7699999999999996,0
2020-08-30,4,10,150,56.93,0
2020-08-31,2,4,143,54.04,0
2020-09-01,5,13,162,61.199999999999996,0
2020-09-02,1,0,13,5.25,0
2020-09-03,1,4,257,97.22,0
2020-09-04,5,5,69,29.26,0
2020-09-05,1,0,20,7.690000000000001,0
2020-09-06,0,0,0,0.0,0
2020-09-07,3,7,152,57.43000000000001,0
2020-09-08,2,4,141,53.29999999999999,0
2020-09-09,5,9,118,44.53,0
2020-09-10,2,3,93,35.44,0
2020-09-11,3,4,86,32.69,0
2020-09-12,6,11,111,41.96,0
2020-09-13,3,1,23,8.83,0
2020-09-14,2,0,7,2.89,0
2020-09-15,5,13,160,60.54999999999999,0
2020-09-16,2,6,204,106.08999999999999,0
2020-09-17,6,9,91,34.69,0
2020-09-18,2,5,162,61.309999999999995,0
2020-09-19,5,4,50,19.03,0
2020-09-20,6,9,90,34.07,0
2020-09-21,10,14,88,33.57,0
2020-09-22,8,17,132,49.96,0
2020-09-23,9,28,190,71.98,0
2020-09-24,7,11,97,40.06,0
2020-09-25,4,3,50,19.02,0
2020-09-26,6,23,235,88.98,0
2020-09-27,9,20,136,51.45000000000001,0
2020-09-28,4,8,122,53.43,0
2020-09-29,5,3,36,15.54,0
2020-09-30,8,29,224,84.8,0
2020-10-01,7,11,96,36.4,0
2020-10-02,5,6,77,29.350000000000005,0
2020-10-03,9,22,152,57.68,0
2020-10-04,12,18,93,35.45,0
2020-10-05,13,28,133,50.29,0
2020-10-06,8,8,65,26.539999999999996,0
2020-10-07,19,36,115,43.64,0
2020-10-08,10,27,167,63.14999999999999,0
2020-10-09,10,7,44,16.7,0
2020-10-10,9,11,74,28.16,0
2020-10-11,12,22,111,43.89,0
2020-10-12,4,8,123,46.48,0
2020-10-13,8,13,98,37.33,0
2020-10-14,8,9,69,26.229999999999997,0
2020-10-15,10,12,77,29.21,0
2020-10-16,6,7,79,30.04,0
2020-10-17,3,3,74,28.190000000000005,0
2020-10-18,8,11,82,33.53,0
2020-10-19,11,20,113,42.66,0
2020-10-20,11,8,45,17.08,0
2020-10-21,6,15,159,60.04999999999999,0
2020-10-22,13,25,117,44.51,0
2020-10-23,11,23,127,48.09,0
2020-10-24,4,5,79,30.18,0
2020-10-25,17,30,108,40.8,0
2020-10-26,18,41,139,52.64,0
2020-10-27,12,15,78,31.14,0
2020-10-28,10,13,78,29.79,0
2020-10-29,22,37,102,38.62,0
2020-10-30,10,28,169,67.7,0
2020-10-31,5,8,107,40.4,0
2020-11-01,10,15,95,35.91,1
2020-11-02,11,9,50,19.18,0
2020-11-03,12,15,75,33.16,0
2020-11-04,7,11,97,36.98,0
2020-11-05,21,26,75,33.52,0
2020-11-06,11,13,71,30.070000000000004,0
2020-11-07,14,14,64,28.57,0
2020-11-08,7,5,45,17.16,0
2020-11-09,10,20,125,47.33,0
2020-11-10,3,11,239,90.47,0
2020-11-11,8,10,81,30.620000000000005,0
2020-11-12,15,22,89,36.3,0
2020-11-13,2,0,29,11.28,0
2020-11-14,8,12,92,34.83,0
2020-11-15,8,21,160,60.62,0
2020-11-16,4,6,100,37.86,0
2020-11-17,7,7,60,22.74,0
2020-11-18,8,7,53,20.36,0
2020-11-19,8,16,125,50.63999999999999,0
2020-11-20,8,32,243,91.93,0
2020-11-21,7,14,128,48.34,0
2020-11-22,4,3,51,19.25,0
2020-11-23,5,8,97,36.89,0
2020-11-24,12,29,149,56.31,0
2020-11-25,4,7,113,42.69,0
2020-11-26,11,8,43,19.46,0
2020-11-27,8,16,126,47.77,0
2020-11-28,9,19,127,48.05,0
2020-11-29,15,29,118,59.17,1
2020-11-30,6,13,134,53.90999999999999,0
2020-12-01,6,11,110,41.67,0
2020-12-02,15,20,83,31.7,0
2020-12-03,1,0,19,7.21,0
2020-12-04,7,16,139,55.55,0
2020-12-05,9,22,146,65.85,0
2020-12-06,9,14,96,36.42,0
2020-12-07,12,8,41,18.0,0
2020-12-08,20,27,81,31.259999999999998,0
2020-12-09,18,27,92,36.92,0
2020-12-10,1,0,13,5.0,0
2020-12-11,58,122,127,51.65,5
2020-12-12,44,75,103,51.35000000000001,0
2020-12-13,25,39,95,36.28,2
2020-12-14,17,36,129,49.12,0
2020-12-15,37,69,111,48.19,2
2020-12-16,17,22,79,29.98,0
2020-12-17,18,34,116,44.48,1
2020-12-18,7,20,177,71.56,0
2020-12-19,10,19,115,46.47,0
2020-12-20,12,14,72,27.79,0
2020-12-21,21,30,86,33.23,1
2020-12-22,17,31,111,42.93,1
2020-12-23,29,33,70,28.04,1
2020-12-24,6,3,36,14.180000000000001,0
2020-12-25,6,10,105,40.52,0
2020-12-26,7,8,74,28.550000000000004,0
2020-12-27,41,101,147,66.65,0
2020-12-28,14,12,52,20.97,0
2020-12-29,10,13,81,30.43,0
2020-12-30,12,11,55,20.51,0
2020-12-31,7,13,114,44.15,0
2021-01-01,3,2,52,20.18,0
2021-01-02,10,14,87,38.81,0
2021-01-03,8,17,128,49.61,0
2021-01-04,11,23,129,48.53,0
2021-01-05,5,3,39,15.310000000000002,0
2021-01-06,15,25,102,38.8,0
2021-01-07,7,17,152,58.62,0
2021-01-08,10,15,94,35.0,0
2021-01-09,8,11,86,33.27,0
2021-01-10,13,24,112,43.19,0
2021-01-11,20,40,122,47.24,0
2021-01-12,12,15,77,29.109999999999996,0
2021-01-13,9,16,112,48.84,0
2021-01-14,29,43,90,35.21,0
2021-01-15,17,37,133,54.52,0
2021-01-16,17,23,83,31.509999999999998,0
2021-01-17,25,49,119,45.8,0
2021-01-18,17,41,146,55.45,0
2021-01-19,24,32,80,30.81,0
2021-01-20,19,34,109,41.41,1
2021-01-21,23,37,98,39.9,1
2021-01-22,8,9,69,25.840000000000003,0
2021-01-23,16,16,60,23.45,0
2021-01-24,9,15,103,42.05,1
2021-01-25,13,19,87,33.82,0
2021-01-26,25,56,134,52.300000000000004,0
2021-01-27,26,46,108,41.76,0
2021-01-28,23,46,121,45.2,0
2021-01-29,19,35,110,42.92,0
2021-01-30,19,17,55,21.19,0
2021-01-31,20,25,76,30.409999999999997,0
2021-02-01,31,50,97,36.72,0
2021-02-02,20,37,111,42.91,0
2021-02-03,21,33,96,36.11,1
2021-02-04,20,30,90,34.42,0
2021-02-05,12,20,102,39.58,0
2021-02-06,25,37,90,34.14,0
2021-02-07,13,27,124,47.93,0
2021-02-08,19,37,117,44.89,0
2021-02-09,12,13,68,29.48,0
2021-02-10,24,37,94,36.4,0
2021-02-11,21,23,67,28.49,1
2021-02-12,24,32,80,34.18,0
2021-02-13,8,25,194,74.63,0
2021-02-14,11,23,130,48.82,0
2021-02-15,37,47,76,30.269999999999996,0
2021-02-16,26,47,110,42.84,0
2021-02-17,16,24,91,36.36,0
2021-02-18,15,21,86,32.76,0
2021-02-19,16,10,39,15.22,0
2021-02-20,18,27,91,35.99,0
2021-02-21,16,24,91,36.54,0
2021-02-22,33,47,87,34.48,0
2021-02-23,35,48,83,31.61,1
2021-02-24,36,63,106,41.47,0
2021-02-25,24,38,97,39.25,1
2021-02-26,16,19,74,30.599999999999998,0
2021-02-27,30,36,72,28.02,0
2021-02-28,23,37,98,37.36,0
2021-03-01,33,44,80,31.39,0
2021-03-02,22,36,99,40.91,0
2021-03-03,10,24,148,56.52,0
2021-03-04,53,111,126,50.529999999999994,0
2021-03-05,27,52,116,45.44,0
2021-03-06,15,22,89,35.16,0
2021-03-07,17,37,134,51.89,0
2021-03-08,19,25,79,31.929999999999996,0
2021-03-09,20,41,124,46.37,0
2021-03-10,19,33,104,46.54,0
2021-03-11,13,24,111,44.5,1
2021-03-12,16,14,53,21.64,0
2021-03-13,7,6,55,22.36,1
2021-03-14,30,35,71,27.699999999999996,0
2021-03-15,26,35,82,31.81,0
2021-03-16,25,40,96,36.54,1
2021-03-17,33,65,119,47.77,0
2021-03-18,24,33,83,32.74,0
2021-03-19,16,20,75,28.99,0
2021-03-20,26,31,71,27.24,0
2021-03-21,12,21,108,45.64,0
2021-03-22,17,21,76,29.600000000000005,0
2021-03-23,25,32,79,31.31,0
2021-03-24,15,25,103,41.36,0
2021-03-25,18,40,135,52.68000000000001,0
2021-03-26,21,25,74,28.21,0
2021-03-27,28,45,98,37.53,1
2021-03-28,16,11,44,17.19,0
2021-03-29,11,19,108,43.22,0
2021-03-30,8,12,92,38.2,0
2021-03-31,12,26,133,51.24999999999999,0
2021-04-01,12,20,100,41.04,1
2021-04-02,11,25,137,56.96,0
2021-04-03,14,39,168,64.73,0
2021-04-04,13,19,87,39.7,0
2021-04-05,16,38,142,54.90999999999999,0
2021-04-06,13,12,56,21.61,0
2021-04-07,16,24,91,35.88,0
2021-04-08,17,32,113,44.36,0
2021-04-09,10,9,57,23.93,0
2021-04-10,8,14,111,44.91,0
2021-04-11,9,17,115,46.95,0
2021-04-12,10,21,126,47.88,1
2021-04-13,12,18,92,37.02,0
2021-04-14,6,18,184,69.39,0
2021-04-15,8,11,82,31.900000000000002,0
2021-04-16,17,17,61,25.009999999999998,0
2021-04-17,9,11,78,31.91,0
2021-04-18,10,10,61,24.97,0
2021-04-19,12,27,139,53.76,0
2021-04-20,32,82,154,60.260000000000005,2
2021-04-21,11,21,116,44.7,0
2021-04-22,14,19,83,31.6,0
2021-04-23,6,7,74,28.78,0
2021-04-24,3,15,311,114.82,0
2021-04-25,9,12,83,31.94,0
2021-04-26,5,1,22,9.78,0
2021-04-27,9,18,121,45.28,0
2021-04-28,8,9,70,29.03,0
2021-04-29,14,23,99,38.86,0
2021-04-30,5,9,108,50.0,0
2021-05-01,3,1,33,15.289999999999997,0
2021-05-02,8,11,82,31.8,0
2021-05-03,12,12,63,24.57,0
2021-05-04,10,20,121,49.02,0
2021-05-05,14,23,102,41.61,0
2021-05-06,17,37,133,50.5,0
2021-05-07,10,14,89,35.13,1
2021-05-08,8,15,118,48.34,0
2021-05-09,3,2,47,18.1,0
2021-05-10,12,8,43,16.88,0
2021-05-11,19,34,108,41.85,0
2021-05-12,13,15,73,28.360000000000003,0
2021-05-13,14,19,83,36.06,0
2021-05-14,6,5,50,23.08,0
2021-05-15,7,13,114,47.38,0
2021-05-16,11,19,106,42.53,1
2021-05-17,10,26,156,63.04,0
2021-05-18,11,22,122,54.43,0
2021-05-19,12,11,58,22.83,0
2021-05-20,20,25,75,32.81,0
2021-05-21,9,8,59,22.81,0
2021-05-22,12,15,78,30.06,1
2021-05-23,19,36,114,44.2,0
2021-05-24,20,24,72,30.240000000000002,0
2021-05-25,17,21,76,29.92,0
2021-05-26,12,16,82,31.920000000000005,0
2021-05-27,12,14,74,32.47,0
2021-05-28,7,8,71,29.57,0
2021-05-29,7,9,84,32.32,0
2021-05-30,13,18,83,32.15,0
2021-05-31,18,30,101,41.19,0
2021-06-01,3,7,152,69.83,0
2021-06-02,15,14,59,24.52,0
2021-06-03,10,9,55,25.16,0
2021-06-04,16,27,104,42.21,0
2021-06-05,6,8,89,34.44,0
2021-06-06,5,12,152,65.06,0
2021-06-07,16,23,87,35.74,0
2021-06-08,8,11,89,36.43,0
2021-06-09,23,30,80,31.920000000000005,1
2021-06-10,12,21,106,44.32,0
2021-06-11,14,26,115,49.56,0
2021-06-12,19,25,81,32.03,0
2021-06-13,15,29,118,51.51,0
2021-06-14,18,16,55,22.71,0
2021-06-15,13,19,88,35.32,0
2021-06-16,15,12,50,20.24,0
2021-06-17,10,16,99,47.43,0
2021-06-18,19,31,100,42.57,0
2021-06-19,11,27,149,58.57,0
2021-06-20,8,10,82,31.64,0
2021-06-21,9,11,76,31.05,0
2021-06-22,14,22,94,38.62,0
2021-06-23,15,24,97,38.76,0
2021-06-24,10,18,111,43.05,0
2021-06-25,24,37,94,36.73,0
2021-06-26,11,13,73,29.59,0
2021-06-27,8,6,46,22.62,0
2021-06-28,12,9,48,19.06,0
2021-06-29,44,1370,1868,197.72,1
2021-06-30,24,427,1068,208.21999999999997,1
2021-07-01,14,40,174,36.93,2
2021-07-02,11,18,99,21.8,1
2021-07-03,12,13,69,8.69,0
2021-07-04,19,62,197,38.17,0
2021-07-05,29,59,122,19.74,0
2021-07-06,21,50,144,31.16,1
2021-07-07,21,50,145,17.6,0
2021-07-08,15,55,223,29.51,0
2021-07-09,11,23,128,15.39,0
2021-07-10,10,25,152,18.93,0
2021-07-11,9,20,133,22.02,0
2021-07-12,31,72,140,16.43,0
2021-07-13,28,103,221,24.33,0
2021-07-14,32,114,213,22.19,1
2021-07-15,30,77,154,14.67,0
2021-07-16,22,47,129,14.45,0
2021-07-17,59,110,112,22.66,0
2021-07-18,73,98,81,16.9,4
2021-07-19,80,135,101,20.19,3
2021-07-20,72,82,69,15.5,4
2021-07-21,53,106,120,22.46,2
2021-07-22,78,277,213,33.44,0
2021-07-23,76,104,82,18.0,3
2021-07-24,75,123,98,22.21,4
2021-07-25,125,266,127,27.0,3
2021-07-26,104,208,120,25.27,1
2021-07-27,151,330,131,27.639999999999997,1
2021-07-28,132,244,111,26.44,3
2021-07-29,85,111,78,22.4,5
2021-07-30,124,206,99,22.3,3
2021-07-31,117,150,77,27.08,3
2021-08-01,202,298,88,30.4,2
2021-08-02,301,453,90,33.9,10
2021-08-03,308,449,87,27.82,12
2021-08-04,422,588,83,32.34,11
2021-08-05,402,605,90,31.8,11
2021-08-06,318,401,75,31.120000000000005,10
2021-08-07,357,458,77,29.59,7
2021-08-08,327,536,98,34.36,5
2021-08-09,235,361,92,30.7,4
2021-08-10,234,346,88,32.68,5
2021-08-11,595,994,100,31.11,14
2021-08-12,437,656,90,29.39,6
2021-08-13,354,532,90,29.75,4
2021-08-14,420,585,83,31.15,10
2021-08-15,514,629,73,27.05,3
2021-08-16,415,576,83,30.34,8
2021-08-17,497,627,75,27.77,11
2021-08-18,355,475,80,26.22,9
2021-08-19,328,481,87,27.83,4
2021-08-20,538,716,79,26.46,5
2021-08-21,491,539,65,23.41,10
2021-08-22,501,668,80,28.000000000000004,8
2021-08-23,482,609,75,25.96,11
2021-08-24,385,496,77,23.24,18
2021-08-25,311,455,87,31.989999999999995,17
2021-08-26,310,418,80,26.77,12
2021-08-27,362,409,67,23.09,13
2021-08-28,329,502,91,35.65,10
2021-08-29,212,244,69,26.57,4
2021-08-30,251,300,71,27.08,13
2021-08-31,275,378,82,30.94,3
2021-09-01,359,411,68,22.65,34
2021-09-02,294,412,84,28.23,26
2021-09-03,254,311,73,27.140000000000004,7
2021-09-04,295,366,74,25.319999999999997,5
2021-09-05,107,125,70,16.6,1
2021-09-06,105,204,117,22.58,0
2021-09-07,91,136,89,22.09,2
2021-09-08,143,232,97,26.72,2
2021-09-09,70,102,87,21.08,3
2021-09-10,56,67,72,20.23,0
2021-09-11,62,80,78,16.03,0
2021-09-12,79,167,126,26.539999999999996,0
2021-09-13,86,205,143,31.869999999999997,0
2021-09-14,76,114,90,23.78,2
2021-09-15,93,164,105,20.55,1
2021-09-16,83,154,111,28.800000000000004,1
2021-09-17,52,106,123,30.14,0
2021-09-18,58,75,78,19.93,1
2021-09-19,67,113,101,22.5,0
2021-09-20,77,128,99,18.33,1
2021-09-21,63,150,143,23.45,0
2021-09-22,62,413,400,90.86,1
2021-09-23,178,1705,574,136.33,51
2021-09-24,94,303,193,47.6,34
2021-09-25,163,304,112,31.15,57
2021-09-26,94,258,165,28.99,9
2021-09-27,157,1555,594,85.58,20
2021-09-28,97,463,286,44.05,5
2021-09-29,90,4012,2675,407.59,5
2021-09-30,75,198,158,23.64,3
2021-10-01,93,197,127,21.65,3
2021-10-02,48,89,111,21.7,0
2021-10-03,93,199,129,19.8,1
2021-10-04,99,225,136,21.76,2
2021-10-05,68,129,114,17.13,0
2021-10-06,83,225,162,27.229999999999997,1
2021-10-07,84,237,169,24.08,0
2021-10-08,62,185,179,25.88,2
2021-10-09,64,92,86,12.64,0
2021-10-10,75,130,104,15.5,1
2021-10-11,76,208,164,21.8,2
2021-10-12,69,111,96,15.72,1
2021-10-13,72,146,122,15.509999999999998,2
2021-10-14,56,84,90,16.45,0
2021-10-15,72,267,222,37.46,3
2021-10-16,67,94,84,14.730000000000002,0
2021-10-17,94,214,136,22.39,1
2021-10-18,91,225,149,23.73,0
2021-10-19,87,220,152,23.19,1
2021-10-20,77,226,176,28.64,1
2021-10-21,82,227,166,24.01,3
2021-10-22,71,177,149,23.15,1
2021-10-23,59,192,196,29.520000000000003,0
2021-10-24,78,222,171,26.68,0
2021-10-25,69,164,142,18.82,1
2021-10-26,67,133,119,16.45,0
2021-10-27,77,262,204,24.41,0
2021-10-28,79,278,211,25.78,1
2021-10-29,86,274,191,23.21,1
2021-10-30,54,106,118,18.55,2
2021-10-31,52,135,156,22.03,0
2021-11-01,82,224,164,24.95,0
2021-11-02,76,197,155,25.16,0
2021-11-03,78,191,147,26.530000000000005,2
2021-11-04,75,168,134,19.6,0
2021-11-05,62,189,183,23.08,3
2021-11-06,58,151,156,22.77,0
2021-11-07,58,128,133,20.1,2
2021-11-08,94,274,175,21.67,1
2021-11-09,66,192,175,22.17,1
2021-11-10,49,168,206,25.05,1
2021-11-11,65,190,176,24.1,2
2021-11-12,61,162,159,18.84,1
2021-11-13,62,98,95,14.249999999999998,2
2021-11-14,70,215,184,19.89,0
2021-11-15,101,387,230,23.64,1
2021-11-16,74,180,146,16.56,1
2021-11-17,75,221,177,21.82,2
2021-11-18,105,223,127,13.91,4
2021-11-19,83,257,185,21.21,0
2021-11-20,62,189,183,24.04,0
2021-11-21,85,263,185,25.15,0
2021-11-22,108,327,182,20.62,0
2021-11-23,101,223,132,15.82,2
2021-11-24,101,303,180,22.99,2
2021-11-25,92,322,210,28.07,2
2021-11-26,67,237,212,21.28,0
2021-11-27,47,107,136,15.86,0
2021-11-28,67,179,160,16.36,0
2021-11-29,80,294,220,24.02,0
2021-11-30,100,334,200,22.82,4
2021-12-01,81,199,147,17.05,0
2021-12-02,88,258,176,21.5,1
2021-12-03,52,123,142,17.41,0
2021-12-04,57,148,156,19.47,1
2021-12-05,62,155,150,17.78,1
2021-12-06,90,259,173,18.7,0
2021-12-07,95,306,193,24.67,1
2021-12-08,86,247,172,18.72,2
2021-12-09,71,219,185,23.02,1
2021-12-10,67,210,188,26.39,0
2021-12-11,72,169,141,19.96,0
2021-12-12,82,242,177,32.08,0
2021-12-13,68,235,207,26.919999999999998,1
2021-12-14,75,239,191,22.84,0
2021-12-15,83,291,210,23.71,2
2021-12-16,63,200,191,21.51,0
2021-12-17,65,146,134,12.07,0
2021-12-18,51,173,203,22.12,0
2021-12-19,53,142,161,17.75,0
2021-12-20,62,192,186,18.88,1
2021-12-21,76,222,175,19.16,1
2021-12-22,70,135,115,12.16,1
2021-12-23,60,139,139,18.86,0
2021-12-24,32,103,193,24.47,1
2021-12-25,49,128,157,18.31,0
2021-12-26,55,146,160,26.38,1
2021-12-27,60,140,140,14.09,0
2021-12-28,50,141,170,22.9,1
2021-12-29,62,106,103,12.5,0
2021-12-30,57,140,147,16.5,1
2021-12-31,43,76,107,10.97,1
2022-01-01,45,113,151,19.92,0
2022-01-02,49,129,158,20.52,0
2022-01-03,82,213,156,16.54,0
2022-01-04,73,249,205,22.44,0
2022-01-05,82,225,164,19.14,0
2022-01-06,74,297,241,25.379999999999995,0
2022-01-07,67,199,178,20.67,1
2022-01-08,61,167,165,18.05,1
2022-01-09,75,150,120,14.37,0
2022-01-10,75,151,121,12.93,2
2022-01-11,91,343,226,23.53,2
2022-01-12,66,301,274,27.72,0
2022-01-13,69,197,172,16.83,1
2022-01-14,80,344,258,23.94,3
2022-01-15,70,220,188,20.37,2
2022-01-16,68,270,239,26.49,1
2022-01-17,93,315,203,22.28,1
2022-01-18,93,290,187,21.44,0
2022-01-19,84,275,196,21.16,0
2022-01-20,84,210,150,15.55,3
2022-01-21,71,242,204,21.36,1
2022-01-22,70,167,143,21.76,1
2022-01-23,67,159,142,18.24,1
2022-01-24,69,216,188,23.29,1
2022-01-25,66,156,141,15.560000000000002,1
2022-01-26,81,199,147,14.730000000000002,0
2022-01-27,61,224,221,26.899999999999995,0
2022-01-28,63,222,211,20.33,2
2022-01-29,64,180,168,20.16,2
2022-01-30,89,245,165,17.86,2
2022-01-31,88,249,170,15.960000000000003,0
2022-02-01,103,393,229,24.36,1
2022-02-02,111,424,229,21.98,1
2022-02-03,96,306,191,20.26,0
2022-02-04,57,97,102,12.0,0
2022-02-05,75,171,137,19.25,0
2022-02-06,83,218,157,16.17,0
2022-02-07,134,425,190,18.19,3
2022-02-08,96,253,158,17.76,1
2022-02-09,117,373,191,22.61,1
2022-02-10,88,339,231,22.93,0
2022-02-11,63,229,218,28.850000000000005,1
2022-02-12,76,252,199,26.33,1
2022-02-13,114,357,188,22.37,0
2022-02-14,118,351,178,20.58,1
2022-02-15,106,350,198,23.01,0
2022-02-16,118,253,129,13.55,0
2022-02-17,143,414,174,20.16,0
2022-02-18,98,317,194,21.4,0
2022-02-19,70,170,146,18.44,1
2022-02-20,110,303,165,18.76,0
2022-02-21,118,460,234,25.34,1
2022-02-22,109,369,203,21.46,1
2022-02-23,143,448,188,19.83,3
2022-02-24,111,373,201,22.42,1
2022-02-25,110,293,160,16.73,1
2022-02-26,72,192,160,19.38,0
2022-02-27,91,211,139,18.15,0
2022-02-28,104,348,201,20.5,1
2022-03-01,154,460,179,20.91,2
2022-03-02,148,457,185,25.45,2
2022-03-03,109,256,141,17.04,2
2022-03-04,102,283,166,19.36,0
2022-03-05,106,274,155,18.67,0
2022-03-06,105,282,161,26.26,0
2022-03-07,131,477,218,25.64,4
2022-03-08,165,510,185,23.74,1
2022-03-09,170,533,188,25.75,2
2022-03-10,168,425,152,18.61,0
2022-03-11,119,388,195,22.81,0
2022-03-12,103,264,154,20.9,0
2022-03-13,139,401,173,25.22,3
2022-03-14,160,354,132,19.09,5
2022-03-15,159,589,222,20.13,1
2022-03-16,207,845,244,15.7,4
2022-03-17,110,325,177,18.98,1
2022-03-18,100,341,204,25.2,2
2022-03-19,116,245,126,13.459999999999999,3
2022-03-20,129,354,164,18.59,1
2022-03-21,153,520,204,20.27,1
2022-03-22,145,419,173,20.0,2
2022-03-23,157,439,167,18.17,1
2022-03-24,165,423,153,15.410000000000002,1
2022-03-25,130,401,185,21.48,2
2022-03-26,141,370,157,17.2,1
2022-03-27,151,1096,435,61.04999999999999,3
2022-03-28,144,807,336,44.38,1
2022-03-29,182,910,300,31.989999999999995,1
2022-03-30,190,1852,585,53.839999999999996,1
2022-03-31,154,866,337,33.09,2
2022-04-01,128,494,231,27.61,0
2022-04-02,130,359,165,21.21,4
2022-04-03,144,1479,616,52.64,13
2022-04-04,180,1413,471,38.25,15
2022-04-05,239,6417,1611,127.55000000000001,9
2022-04-06,265,12900,2920,173.03,17
2022-04-07,281,12653,2701,171.78,8
2022-04-08,195,9742,2997,178.95,9
2022-04-09,167,7807,2805,153.4,6
2022-04-10,234,9805,2514,160.74,6
2022-04-11,249,13958,3363,208.06999999999996,11
2022-04-12,230,11160,2911,169.98,12
2022-04-13,217,11023,3048,157.09,7
2022-04-14,192,7044,2201,127.86999999999999,1
2022-04-15,162,528,195,12.76,7
2022-04-16,115,322,168,16.85,0
2022-04-17,146,286,117,11.48,1
2022-04-18,150,515,206,18.96,1
2022-04-19,158,507,192,18.99,1
2022-04-20,154,826,322,29.4,1
2022-04-21,163,1264,465,43.06,1
2022-04-22,106,341,193,17.98,1
2022-04-23,117,406,208,23.67,0
2022-04-24,112,863,462,50.33,1
2022-04-25,174,595,205,21.3,0
2022-04-26,194,760,235,21.11,2
2022-04-27,168,586,209,21.08,3
2022-04-28,161,1473,549,44.39,0
2022-04-29,168,1641,586,43.8,0
2022-04-30,157,567,217,21.12,2
2022-05-01,97,278,172,16.51,0
2022-05-02,102,235,138,16.76,1
2022-05-03,204,11664,3430,193.24,11
2022-05-04,206,9416,2742,174.17,1
2022-05-05,240,14118,3529,223.04,5
2022-05-06,117,542,278,23.97,3
2022-05-07,221,7781,2112,123.88,55
2022-05-08,235,8160,2083,130.39,144
2022-05-09,318,11850,2235,144.22,33
2022-05-10,263,7999,1825,120.7,19
2022-05-11,287,13594,2842,180.88,8
2022-05-12,211,628,178,17.51,0
2022-05-13,156,578,222,18.5,2
2022-05-14,125,334,160,15.79,4
2022-05-15,214,5596,1569,127.42999999999999,7
2022-05-16,266,12667,2857,201.85,14
2022-05-17,205,844,247,20.69,0
2022-05-18,206,527,153,14.66,0
2022-05-19,144,503,209,16.38,2
2022-05-20,170,449,158,14.56,2
2022-05-21,152,572,225,22.38,2
2022-05-22,162,506,187,14.510000000000002,11
2022-05-23,234,772,197,17.36,16
2022-05-24,178,652,220,17.88,11
2022-05-25,204,499,146,10.18,48
2022-05-26,199,663,200,15.079999999999998,3
2022-05-27,134,392,175,14.27,2
2022-05-28,153,502,197,16.91,3
2022-05-29,179,483,162,11.43,3
2022-05-30,320,913,171,11.83,6
2022-05-31,235,695,177,13.889999999999999,3
2022-06-01,237,687,174,14.17,1
2022-06-02,189,567,180,15.839999999999998,1
2022-06-03,167,473,170,15.24,3
2022-06-04,138,346,150,13.77,1
2022-06-05,145,354,146,13.28,1
2022-06-06,192,643,201,19.48,4
2022-06-07,199,671,202,18.71,1
2022-06-08,174,462,159,14.899999999999999,0
2022-06-09,214,574,160,16.55,1
2022-06-10,148,500,202,18.41,1
2022-06-11,157,474,181,17.1,0
2022-06-12,162,587,217,20.83,1
2022-06-13,194,656,202,18.84,0
2022-06-14,248,806,195,17.19,4
2022-06-15,233,959,247,19.3,3
2022-06-16,200,774,232,18.94,1
2022-06-17,167,528,189,16.67,2
2022-06-18,139,529,228,19.07,4
2022-06-19,177,589,199,18.8,0
2022-06-20,158,563,213,18.33,0
2022-06-21,188,650,207,18.76,1
2022-06-22,227,1004,265,23.96,4
2022-06-23,237,909,230,17.88,3
2022-06-24,202,821,243,22.66,2
2022-06-25,211,431,122,11.66,2
2022-06-26,213,838,236,21.27,2
2022-06-27,234,805,206,18.39,2
2022-06-28,194,721,223,17.78,1
2022-06-29,206,951,277,24.43,3
2022-06-30,207,531,153,11.52,6
2022-07-01,142,339,143,12.43,4
2022-07-02,191,677,212,17.83,3
2022-07-03,171,535,188,17.83,1
2022-07-04,275,1030,224,19.13,4
2022-07-05,167,669,240,19.21,0
2022-07-06,196,656,200,18.01,3
2022-07-07,219,812,222,19.52,4
2022-07-08,128,391,183,13.819999999999999,2
2022-07-09,81,249,184,15.93,1
2022-07-10,106,463,262,23.76,1
2022-07-11,119,576,290,22.43,3
2022-07-12,163,666,245,18.88,1
2022-07-13,163,701,258,22.51,1
2022-07-14,176,720,245,21.83,1
2022-07-15,176,771,263,20.33,3
2022-07-16,168,712,254,19.66,3
2022-07-17,233,1011,260,19.21,4
2022-07-18,203,943,278,21.37,1
2022-07-19,208,1003,289,21.16,2
2022-07-20,228,709,186,14.05,4
2022-07-21,169,785,278,22.95,0
2022-07-22,154,638,248,18.63,3
2022-07-23,148,456,185,14.88,3
2022-07-24,189,634,201,15.920000000000002,0
2022-07-25,249,932,224,18.18,4
2022-07-26,217,800,221,17.65,3
2022-07-27,218,920,253,18.82,4
2022-07-28,183,841,276,20.8,1
2022-07-29,151,606,241,16.84,1
2022-07-30,137,387,169,14.32,3
2022-07-31,156,581,223,18.81,1
2022-08-01,175,917,314,23.72,3
2022-08-02,204,806,237,17.59,2
2022-08-03,187,868,278,19.75,1
2022-08-04,163,746,274,23.4,2
2022-08-05,164,528,193,14.87,3
2022-08-06,166,620,224,20.59,2
2022-08-07,179,515,172,16.1,0
2022-08-08,171,828,290,24.18,2
2022-08-09,201,1050,313,20.55,1
2022-08-10,183,691,226,16.34,2
2022-08-11,184,731,238,16.14,5
2022-08-12,110,303,165,12.83,2
2022-08-13,130,556,256,20.57,1
2022-08-14,137,598,262,19.47,2
2022-08-15,185,509,165,12.68,2
2022-08-16,175,665,228,17.17,2
2022-08-17,153,490,192,14.940000000000001,2
2022-08-18,188,570,182,13.51,1
2022-08-19,179,835,279,20.57,4
2022-08-20,155,602,233,16.62,2
2022-08-21,153,622,244,19.16,2
2022-08-22,157,681,260,21.4,2
2022-08-23,230,706,184,16.15,2
2022-08-24,210,774,221,19.39,1
2022-08-25,196,554,169,14.6,2
2022-08-26,205,653,191,15.73,2
2022-08-27,227,1022,270,12.41,8
2022-08-28,239,1065,267,16.21,3
2022-08-29,281,1587,339,18.47,5
2022-08-30,199,718,216,14.09,1
2022-08-31,291,1081,222,10.24,13
2022-09-01,265,971,219,9.51,6
2022-09-02,203,964,285,11.72,4
2022-09-03,193,1190,370,16.81,5
2022-09-04,222,744,201,9.18,2
2022-09-05,263,1242,283,15.9,3
2022-09-06,263,1326,302,15.64,3
2022-09-07,293,1769,362,19.64,8
2022-09-08,293,1314,269,12.9,3
2022-09-09,238,976,246,12.97,2
2022-09-10,248,1077,260,16.56,4
2022-09-11,225,993,264,15.310000000000002,2
2022-09-12,296,1236,250,16.66,4
2022-09-13,292,970,199,13.61,4
2022-09-14,284,927,196,11.18,2
2022-09-15,224,1226,328,20.21,5
2022-09-16,213,1061,299,18.38,3
2022-09-17,183,572,187,12.960000000000003,4
2022-09-18,277,11521,2495,96.06,14
2022-09-19,294,1151,234,15.79,6
2022-09-20,311,971,187,13.669999999999998,2
2022-09-21,325,1253,231,15.689999999999998,4
2022-09-22,255,1019,239,15.9,4
2022-09-23,211,762,216,12.83,2
2022-09-24,168,543,194,12.89,3
2022-09-25,228,3240,852,48.94,5
2022-09-26,270,1206,268,15.770000000000001,4
2022-09-27,254,1055,249,16.89,4
2022-09-28,257,1073,250,14.899999999999999,2
2022-09-29,260,1556,359,17.62,3
2022-09-30,226,921,244,15.39,1
2022-10-01,166,482,174,11.0,3
2022-10-02,236,1097,279,16.81,2
2022-10-03,261,1055,242,14.67,3
2022-10-04,249,1180,284,16.92,5
2022-10-05,258,1174,273,17.22,5
2022-10-06,385,19113,2978,113.53,7
2022-10-07,251,2869,685,34.23,3
2022-10-08,246,7337,1789,83.26,8
2022-10-09,189,628,199,14.78,1
2022-10-10,284,1155,244,17.82,2
2022-10-11,289,1160,240,16.14,4
2022-10-12,305,1246,245,16.07,3
2022-10-13,328,1206,220,14.610000000000001,1
2022-10-14,253,998,236,17.17,3
2022-10-15,226,889,236,16.84,6
2022-10-16,229,903,236,19.74,2
2022-10-17,325,1143,211,15.039999999999997,2
2022-10-18,313,924,177,12.520000000000001,3
2022-10-19,357,1176,197,10.24,5
2022-10-20,328,1122,205,13.43,3
2022-10-21,204,688,202,14.69,2
2022-10-22,224,719,192,13.639999999999999,3
2022-10-23,268,964,216,16.12,1
2022-10-24,286,1274,267,19.39,6
2022-10-25,378,1353,214,15.740000000000002,3
2022-10-26,370,1402,227,16.01,7
2022-10-27,339,1466,259,17.03,0
2022-10-28,284,1236,261,16.03,2
2022-10-29,242,777,192,13.51,6
2022-10-30,291,948,195,13.489999999999998,0
2022-10-31,334,1198,215,14.649999999999999,0
2022-11-01,358,1489,249,16.87,1
2022-11-02,341,1295,227,15.689999999999998,5
2022-11-03,289,1165,242,16.23,4
2022-11-04,258,949,220,15.06,2
2022-11-05,221,746,202,13.41,2
2022-11-06,305,955,187,12.83,2
2022-11-07,317,1165,220,14.59,4
2022-11-08,309,1109,215,16.61,4
2022-11-09,287,928,194,14.48,6
2022-11-10,275,996,217,14.48,1
2022-11-11,281,1011,215,14.29,3
2022-11-12,227,804,212,12.0,0
2022-11-13,282,900,191,13.05,1
2022-11-14,333,1476,265,14.45,3
2022-11-15,317,1581,299,18.03,3
2022-11-16,350,1404,240,15.93,3
2022-11-17,288,1412,294,20.9,5
2022-11-18,249,745,179,11.3,3
2022-11-19,181,654,217,12.57,2
2022-11-20,288,1146,238,15.89,5
2022-11-21,291,1105,228,14.62,0
2022-11-22,276,1379,299,20.65,2
2022-11-23,286,1108,232,16.58,2
2022-11-24,243,1033,255,14.99,1
2022-11-25,231,901,234,16.16,5
2022-11-26,265,1015,229,12.46,1
2022-11-27,289,1217,252,17.14,5
2022-11-28,286,1221,256,17.92,5
2022-11-29,297,1140,230,15.560000000000002,3
2022-11-30,314,1044,199,12.8,6
2022-12-01,252,807,192,13.489999999999998,4
2022-12-02,220,776,211,14.02,0
2022-12-03,204,783,230,16.45,2
2022-12-04,230,785,204,16.83,3
2022-12-05,276,1021,222,16.9,1
2022-12-06,271,1018,225,16.61,1
2022-12-07,324,1420,263,19.03,4
2022-12-08,294,1210,246,20.83,5
2022-12-09,211,742,211,15.52,0
2022-12-10,198,640,194,14.59,4
2022-12-11,263,915,208,17.24,4
2022-12-12,336,1144,204,14.38,2
2022-12-13,303,1177,233,18.75,1
2022-12-14,312,1102,211,15.42,3
2022-12-15,262,797,182,14.469999999999999,1
2022-12-16,248,798,193,15.109999999999998,1
2022-12-17,184,601,196,13.91,2
2022-12-18,182,512,168,11.33,0
2022-12-19,288,1068,222,18.08,2
2022-12-20,262,809,185,12.46,3
2022-12-21,200,853,255,16.83,1
2022-12-22,205,580,169,11.65,0
2022-12-23,192,658,205,13.51,1
2022-12-24,172,680,237,17.5,4
2022-12-25,147,397,162,13.119999999999997,3
2022-12-26,171,635,222,15.28,2
2022-12-27,211,706,200,15.32,1
2022-12-28,222,1040,281,18.18,2
2022-12-29,185,785,254,17.86,6
2022-12-30,143,455,191,13.63,3
2022-12-31,123,434,212,16.39,1
2023-01-01,213,681,191,14.029999999999998,3
2023-01-02,236,936,238,17.2,2
2023-01-03,274,934,204,14.88,3
2023-01-04,259,932,215,15.329999999999998,2
2023-01-05,243,820,202,14.08,1
2023-01-06,216,685,190,12.619999999999997,3
2023-01-07,190,637,201,15.4,3
2023-01-08,227,717,189,14.74,6
2023-01-09,299,1127,226,17.91,1
2023-01-10,292,904,185,15.659999999999998,2
2023-01-11,285,1311,276,20.74,1
2023-01-12,318,1217,229,16.59,5
2023-01-13,223,898,241,15.83,2
2023-01-14,195,702,216,15.229999999999999,3
2023-01-15,192,654,204,17.59,2
2023-01-16,304,1111,219,16.4,8
2023-01-17,340,1278,225,17.03,3
2023-01-18,341,1301,229,18.14,2
2023-01-19,290,1083,224,16.72,5
2023-01-20,290,1198,247,22.04,2
2023-01-21,237,1024,259,19.03,5
2023-01-22,289,1104,229,18.99,4
2023-01-23,344,1469,256,18.62,2
2023-01-24,384,1483,231,16.96,6
2023-01-25,463,1407,182,18.11,12
2023-01-26,283,954,202,18.32,3
2023-01-27,253,983,233,15.810000000000002,2
2023-01-28,251,919,219,15.67,5
2023-01-29,276,1046,227,17.65,2
2023-01-30,346,1381,239,17.04,0
2023-01-31,369,1318,214,16.28,4
2023-02-01,339,1618,286,20.11,5
2023-02-02,342,1578,276,23.35,7
2023-02-03,306,1118,219,15.52,1
2023-02-04,281,898,191,13.900000000000002,5
2023-02-05,300,1022,204,14.96,4
2023-02-06,380,1651,260,20.47,5
2023-02-07,382,2196,345,27.149999999999995,1
2023-02-08,350,1405,240,17.8,4
2023-02-09,346,1658,287,19.33,1
2023-02-10,308,1248,243,16.42,5
2023-02-11,271,882,195,16.67,3
2023-02-12,280,980,210,17.65,4
2023-02-13,351,1296,221,17.38,3
2023-02-14,330,1288,234,17.08,6
2023-02-15,346,1300,225,16.6,4
2023-02-16,354,1438,243,16.83,4
2023-02-17,321,1159,216,15.160000000000002,2
2023-02-18,290,1200,248,17.38,4
2023-02-19,337,1044,185,16.52,3
2023-02-20,405,1338,198,16.04,2
2023-02-21,460,1712,223,16.49,8
2023-02-22,408,1489,219,18.33,3
2023-02-23,363,1278,211,16.46,2
2023-02-24,358,1580,264,18.12,2
2023-02-25,299,950,190,15.36,1
2023-02-26,425,1414,199,16.96,7
2023-02-27,384,1427,223,15.990000000000002,5
2023-02-28,447,1763,236,17.23,10
2023-03-01,456,1736,228,17.74,4
2023-03-02,392,1286,196,14.800000000000002,6
2023-03-03,304,1117,220,16.78,2
2023-03-04,296,915,185,13.68,4
2023-03-05,392,1251,191,13.88,6
2023-03-06,387,1236,191,15.52,1
2023-03-07,348,1257,216,16.63,0
2023-03-08,349,1289,221,17.02,1
2023-03-09,432,1538,213,16.42,2
2023-03-10,328,1207,220,16.1,3
2023-03-11,318,1204,227,17.0,0
2023-03-12,336,967,172,12.53,4
2023-03-13,409,1335,195,14.74,2
2023-03-14,425,1675,236,19.02,2
2023-03-15,423,1629,231,15.950000000000001,4
2023-03-16,369,1608,261,18.21,5
2023-03-17,306,1150,225,15.25,2
2023-03-18,280,947,202,16.84,3
2023-03-19,346,1139,197,18.32,2
2023-03-20,406,1579,233,19.27,3
2023-03-21,482,1986,247,19.85,2
2023-03-22,459,1861,243,18.09,4
2023-03-23,412,1862,271,17.55,5
2023-03-24,300,1357,271,17.82,3
2023-03-25,325,1298,239,16.54,2
2023-03-26,300,992,198,13.91,3
2023-03-27,384,1339,209,15.310000000000002,4
2023-03-28,409,1792,262,19.35,3
2023-03-29,360,1379,229,16.47,3
2023-03-30,322,1501,279,21.15,5
2023-03-31,285,1098,231,14.790000000000001,1
2023-04-01,256,896,210,15.689999999999998,0
2023-04-02,353,1540,261,19.35,4
2023-04-03,417,1489,214,15.65,4
2023-04-04,371,1269,205,17.58,1
2023-04-05,389,1366,210,16.36,3
2023-04-06,332,1322,239,16.52,2
2023-04-07,320,1196,224,17.25,3
2023-04-08,290,1033,213,15.2,0
2023-04-09,318,1047,197,19.15,2
2023-04-10,365,1217,200,16.21,4
2023-04-11,406,1340,198,15.21,4
2023-04-12,407,1406,207,15.6,2
2023-04-13,339,1463,259,19.24,1
2023-04-14,304,871,171,14.099999999999998,4
2023-04-15,264,919,209,15.18,8
2023-04-16,269,834,186,14.150000000000002,0
2023-04-17,375,1342,214,16.27,7
2023-04-18,376,1601,255,16.88,2
2023-04-19,396,1452,220,16.2,3
2023-04-20,332,1510,273,19.38,2
2023-04-21,203,684,202,14.45,0
2023-04-22,232,1149,297,21.16,3
2023-04-23,316,1079,204,17.61,4
2023-04-24,316,1182,224,18.44,3
2023-04-25,381,1467,231,17.7,3
2023-04-26,338,1225,217,17.58,2
2023-04-27,392,1327,203,16.3,5
2023-04-28,267,907,203,14.92,2
2023-04-29,245,1076,263,16.24,2
2023-04-30,331,1099,199,14.17,5
2023-05-01,397,1320,199,15.15,3
2023-05-02,417,1637,235,19.56,5
2023-05-03,371,1572,254,19.29,4
2023-05-04,379,1541,244,17.81,2
2023-05-05,345,1173,204,15.93,0
2023-05-06,287,777,162,14.360000000000001,0
2023-05-07,337,987,175,16.75,4
2023-05-08,378,1412,224,18.13,4
2023-05-09,415,1545,223,17.19,1
2023-05-10,416,1218,175,16.01,3
2023-05-11,470,1199,153,15.03,1
2023-05-12,286,923,193,16.82,2
2023-05-13,256,694,162,13.68,1
2023-05-14,302,1043,207,17.01,4
2023-05-15,398,1321,199,16.39,1
2023-05-16,476,1622,204,16.16,5
2023-05-17,394,1352,205,16.39,4
2023-05-18,408,1441,211,16.06,3
2023-05-19,358,1630,273,18.52,4
2023-05-20,328,867,158,12.48,5
2023-05-21,365,1394,229,19.76,1
2023-05-22,433,1726,239,17.48,5
2023-05-23,414,1673,242,18.61,7
2023-05-24,394,1676,255,19.58,1
2023-05-25,420,1796,256,19.81,2
2023-05-26,313,1109,212,14.7,6
2023-05-27,292,1049,215,15.770000000000001,5
2023-05-28,290,980,202,16.56,3
2023-05-29,377,1575,250,18.64,1
2023-05-30,366,1478,242,17.32,4
2023-05-31,389,1345,207,14.63,6
2023-06-01,393,1631,249,18.19,2
2023-06-02,330,1549,281,18.73,4
2023-06-03,255,881,207,13.83,3
2023-06-04,375,1341,214,15.340000000000002,6
2023-06-05,459,1893,247,17.29,3
2023-06-06,410,1667,244,18.46,0
2023-06-07,346,1495,259,17.25,1
2023-06-08,361,1520,252,19.41,6
2023-06-09,278,1364,294,20.11,2
2023-06-10,265,929,210,16.06,2
2023-06-11,356,888,149,10.81,3
2023-06-12,358,1206,202,16.16,2
2023-06-13,346,959,166,12.15,1
2023-06-14,360,1333,222,15.85,2
2023-06-15,291,1229,253,19.89,0
2023-06-16,299,1107,222,15.47,4
2023-06-17,321,1353,252,17.37,5
2023-06-18,269,677,151,13.019999999999998,4
2023-06-19,353,1429,243,17.59,7
2023-06-20,311,1241,239,16.99,4
2023-06-21,310,1296,250,19.16,1
2023-06-22,296,1155,234,15.98,1
2023-06-23,232,1126,291,18.92,5
2023-06-24,227,1019,269,16.28,3
2023-06-25,307,1381,270,17.93,5
2023-06-26,288,1250,260,16.75,2
2023-06-27,299,1188,238,15.560000000000002,1
2023-06-28,246,886,216,14.27,4
2023-06-29,257,1018,237,14.360000000000001,3
2023-06-30,243,867,214,13.43,5
2023-07-01,230,791,206,13.88,5
2023-07-02,244,992,244,16.4,4
2023-07-03,299,1440,289,18.92,3
2023-07-04,335,1570,281,16.46,7
2023-07-05,315,1396,265,18.31,3
2023-07-06,310,1357,262,18.28,7
2023-07-07,257,1137,265,17.08,2
2023-07-08,249,1096,264,19.06,3
2023-07-09,269,1267,282,20.49,5
2023-07-10,331,1643,297,18.05,1
2023-07-11,346,1226,212,13.3,4
2023-07-12,312,1110,213,14.77,4
2023-07-13,284,1264,267,18.48,3
2023-07-14,290,1310,271,17.75,2
2023-07-15,281,1159,247,15.620000000000001,4
2023-07-16,249,992,239,19.61,1
2023-07-17,340,1560,275,19.22,4
2023-07-18,278,1341,289,20.57,3
2023-07-19,355,1535,259,19.12,2
2023-07-20,260,1152,265,18.11,3
2023-07-21,270,1082,240,13.77,4
2023-07-22,238,1262,318,20.73,2
2023-07-23,267,1063,238,17.38,2
2023-07-24,318,1443,272,18.12,4
2023-07-25,351,1573,269,17.7,5
2023-07-26,280,1305,279,18.79,2
2023-07-27,263,1154,263,17.14,0
2023-07-28,228,1143,301,18.85,5
2023-07-29,197,868,264,15.370000000000001,4
2023-07-30,282,1230,261,19.57,4
2023-07-31,294,1186,242,16.93,2
2023-08-01,295,1393,283,17.97,1
2023-08-02,305,1317,259,16.53,2
2023-08-03,262,993,227,16.44,1
2023-08-04,245,1047,256,15.42,2
2023-08-05,170,696,245,15.72,4
2023-08-06,210,980,280,18.83,3
2023-08-07,251,1106,264,19.0,2
2023-08-08,305,1342,264,18.4,5
2023-08-09,233,1101,283,19.95,2
2023-08-10,232,1101,284,19.84,3
2023-08-11,228,1029,270,18.7,0
2023-08-12,204,1017,299,21.12,3
2023-08-13,302,1100,218,14.800000000000002,6
2023-08-14,276,1077,234,15.75,2
2023-08-15,255,1040,244,17.04,3
2023-08-16,277,1292,279,18.92,2
2023-08-17,276,1345,292,20.11,3
2023-08-18,244,1218,299,19.93,6
2023-08-19,218,922,253,20.5,4
2023-08-20,248,952,230,16.49,1
2023-08-21,262,1162,266,19.45,2
2023-08-22,300,1051,210,15.45,4
2023-08-23,280,978,209,14.46,1
2023-08-24,292,1382,284,19.88,5
2023-08-25,198,898,272,18.13,5
2023-08-26,192,551,172,11.15,0
2023-08-27,254,1011,238,17.97,0
2023-08-28,244,1012,249,17.28,3
2023-08-29,275,936,204,13.98,3
2023-08-30,272,1159,255,19.16,1
2023-08-31,271,845,187,14.13,1
2023-09-01,222,850,229,17.29,2
2023-09-02,177,664,225,18.15,2
2023-09-03,224,957,256,19.66,0
2023-09-04,264,1047,237,15.879999999999999,4
2023-09-05,269,1021,227,17.58,5
2023-09-06,251,1020,243,19.04,3
2023-09-07,257,986,230,18.62,4
2023-09-08,268,826,185,13.919999999999998,5
2023-09-09,275,1080,235,18.19,2
2023-09-10,272,1011,223,16.49,3
2023-09-11,294,1053,214,15.39,3
2023-09-12,257,1011,236,18.52,1
2023-09-13,296,1026,208,14.330000000000002,2
2023-09-14,343,1269,222,17.5,7
2023-09-15,265,1323,299,22.15,3
2023-09-16,222,764,206,15.509999999999998,1
2023-09-17,265,1060,240,19.76,0
2023-09-18,301,1113,221,16.99,1
2023-09-19,373,1298,208,18.36,1
2023-09-20,303,1097,217,18.51,2
2023-09-21,326,1191,219,18.6,2
2023-09-22,306,1056,207,16.61,1
2023-09-23,233,603,155,12.73,2
2023-09-24,300,1049,209,19.89,1
2023-09-25,343,1168,204,16.73,2
2023-09-26,368,1359,221,17.15,2
2023-09-27,309,973,188,16.59,2
2023-09-28,318,915,172,15.039999999999997,6
2023-09-29,249,821,197,15.55,5
2023-09-30,209,697,200,16.17,2
2023-10-01,270,768,170,14.39,3
2023-10-02,340,1174,207,17.26,4
2023-10-03,349,1234,212,18.65,3
2023-10-04,387,1353,209,18.82,2
2023-10-05,312,861,165,15.17,4
2023-10-06,226,725,192,17.26,1
2023-10-07,271,742,164,14.34,3
2023-10-08,270,686,152,15.83,2
2023-10-09,353,1191,202,20.4,3
2023-10-10,387,1208,187,17.25,3
2023-10-11,346,1155,200,17.65,6
2023-10-12,348,1209,208,17.4,0
2023-10-13,283,998,211,17.44,4
2023-10-14,244,770,189,16.87,4
2023-10-15,287,827,172,17.44,2
2023-10-16,411,1406,205,17.25,5
2023-10-17,362,1326,219,19.06,2
2023-10-18,350,1321,226,20.14,2
2023-10-19,335,1036,185,15.83,6
2023-10-20,262,916,209,17.95,5
2023-10-21,265,1013,229,20.22,2
2023-10-22,310,1236,239,18.81,1
2023-10-23,312,978,188,16.42,5
2023-10-24,332,1149,207,17.57,4
2023-10-25,371,1252,202,16.39,0
2023-10-26,323,901,167,13.34,7
2023-10-27,282,858,182,15.86,2
2023-10-28,228,861,226,17.7,1
2023-10-29,311,792,152,13.900000000000002,3
2023-10-30,358,1330,222,19.37,3
2023-10-31,357,1268,213,18.81,4
2023-11-01,343,1198,209,20.12,2
2023-11-02,368,1360,221,19.78,5
2023-11-03,259,939,217,19.14,5
2023-11-04,261,791,181,18.25,2
2023-11-05,320,932,174,15.64,2
2023-11-06,412,1476,215,17.91,1
2023-11-07,374,1321,212,18.41,1
2023-11-08,377,1331,211,17.73,3
2023-11-09,345,1221,212,17.73,4
2023-11-10,267,922,207,16.92,1
2023-11-11,243,770,190,15.7,2
2023-11-12,286,980,205,18.54,2
2023-11-13,339,1233,218,19.65,1
2023-11-14,310,1338,259,20.93,0
2023-11-15,374,1296,208,18.53,3
2023-11-16,364,1067,175,16.23,4
2023-11-17,288,968,201,16.92,6
2023-11-18,243,743,183,15.79,3
2023-11-19,284,933,197,17.5,4
2023-11-20,362,1812,300,22.03,1
2023-11-21,393,1298,198,15.47,2
2023-11-22,340,1150,203,17.39,1
2023-11-23,306,852,167,13.5,4
2023-11-24,240,768,192,18.13,0
2023-11-25,278,816,176,13.570000000000002,5
2023-11-26,329,1205,219,19.06,4
2023-11-27,422,1539,218,18.4,2
2023-11-28,361,1174,195,18.26,5
2023-11-29,393,1256,191,16.69,4
2023-11-30,302,977,194,15.879999999999999,8
2023-12-01,286,814,170,14.56,1
2023-12-02,314,1114,212,19.54,3
2023-12-03,345,810,141,14.510000000000002,2
2023-12-04,394,1549,236,20.93,1
2023-12-05,364,1253,206,18.47,7
2023-12-06,331,1080,195,18.36,2
2023-12-07,320,1098,206,18.58,2
2023-12-08,256,819,192,18.05,3
2023-12-09,263,777,177,18.67,2
2023-12-10,346,1069,185,18.01,3
2023-12-11,373,1164,187,18.8,2
2023-12-12,356,1062,179,17.45,3
2023-12-13,381,1316,207,18.69,0
2023-12-14,326,1345,247,22.17,6
2023-12-15,290,1079,223,17.82,3
2023-12-16,239,643,161,14.62,2
2023-12-17,309,1035,200,16.66,2
2023-12-18,328,1211,221,17.4,1
2023-12-19,275,963,210,15.6,3
2023-12-20,306,1211,237,17.91,0
2023-12-21,304,907,179,16.28,5
2023-12-22,211,817,232,18.45,2
2023-12-23,172,459,160,13.37,1
2023-12-24,201,459,137,11.16,2
2023-12-25,194,705,218,18.45,1
2023-12-26,228,639,168,13.05,1
2023-12-27,213,594,167,15.1,2
2023-12-28,260,805,185,17.12,3
2023-12-29,195,663,204,15.79,0
2023-12-30,172,501,175,16.27,1
2023-12-31,184,519,169,13.28,1
2024-01-01,275,648,141,13.350000000000001,3
2024-01-02,283,1186,251,23.82,3
2024-01-03,277,941,203,16.93,3
2024-01-04,336,1073,191,18.03,0
2024-01-05,244,693,170,15.52,2
2024-01-06,226,645,171,18.72,1
2024-01-07,271,723,160,14.760000000000002,1
2024-01-08,341,1034,182,16.71,3
2024-01-09,302,983,195,18.16,1
2024-01-10,353,1338,227,18.19,4
2024-01-11,305,1128,222,17.77,1
2024-01-12,281,1236,264,20.39,2
2024-01-13,265,771,174,17.55,2
2024-01-14,289,777,161,14.429999999999998,1
2024-01-15,326,1125,207,17.47,1
2024-01-16,387,1345,208,16.95,5
2024-01-17,359,1319,220,18.98,5
2024-01-18,366,1190,195,16.9,0
2024-01-19,303,1204,238,18.97,5
2024-01-20,260,749,172,16.88,2
2024-01-21,362,1034,171,15.049999999999999,2
2024-01-22,398,1426,215,19.08,2
2024-01-23,383,1269,198,15.79,3
2024-01-24,338,1194,211,16.03,2
2024-01-25,322,1326,247,18.59,3
2024-01-26,287,923,193,16.71,5
2024-01-27,228,660,173,16.24,1
2024-01-28,319,848,159,16.5,5
2024-01-29,368,1322,215,17.59,1
2024-01-30,365,1408,231,19.48,1
2024-01-31,363,1280,211,18.17,4
2024-02-01,428,1763,247,21.73,5
2024-02-02,322,927,172,13.65,2
2024-02-03,302,979,194,16.48,3
2024-02-04,303,864,171,16.54,4
2024-02-05,313,1086,208,15.54,4
2024-02-06,380,1394,220,18.22,0
2024-02-07,352,1463,249,20.9,5
2024-02-08,267,953,214,16.63,0
2024-02-09,248,880,213,17.39,1
2024-02-10,252,819,195,15.869999999999997,4
2024-02-11,338,1318,234,17.64,3
2024-02-12,330,1284,233,17.69,3
2024-02-13,336,1393,248,19.88,4
2024-02-14,302,1247,247,21.51,3
2024-02-15,343,1514,264,20.66,3
2024-02-16,329,1200,218,17.55,3
2024-02-17,286,986,207,19.0,2
2024-02-18,369,1076,175,15.310000000000002,3
2024-02-19,387,1266,196,17.07,6
2024-02-20,362,1451,240,21.48,4
2024-02-21,334,1373,246,18.66,4
2024-02-22,350,1255,215,16.26,1
2024-02-23,277,982,212,17.36,2
2024-02-24,257,831,194,14.859999999999998,3
2024-02-25,335,1058,189,19.13,2
2024-02-26,336,1292,230,20.33,1
2024-02-27,322,1280,238,18.47,4
2024-02-28,346,1401,243,20.17,3
2024-02-29,306,1002,196,15.920000000000002,1
2024-03-01,267,892,200,14.679999999999998,3
2024-03-02,238,712,179,15.97,1
2024-03-03,302,1201,238,19.41,5
2024-03-04,377,1264,201,17.01,3
2024-03-05,340,1134,200,16.58,1
2024-03-06,408,1519,223,17.43,2
2024-03-07,308,1266,246,20.28,3
2024-03-08,220,600,163,14.580000000000002,2
2024-03-09,247,882,214,18.48,1
2024-03-10,302,1011,200,20.23,3
2024-03-11,358,1150,192,17.56,5
2024-03-12,362,1284,212,18.43,1
2024-03-13,361,1438,239,20.68,3
2024-03-14,316,1124,213,19.24,2
2024-03-15,231,957,248,19.89,3
2024-03-16,251,1005,240,21.54,2
2024-03-17,345,1051,182,16.25,3
2024-03-18,343,1429,250,19.61,3
2024-03-19,410,1457,213,18.23,3
2024-03-20,385,1262,196,16.39,5
2024-03-21,309,1186,230,20.77,3
2024-03-22,254,706,166,13.56,1
2024-03-23,241,803,200,17.88,7
2024-03-24,241,768,191,15.810000000000002,0
2024-03-25,312,1333,256,18.19,7
2024-03-26,337,1166,207,17.52,6
2024-03-27,340,1456,257,19.89,4
2024-03-28,324,1277,236,17.59,5
2024-03-29,234,891,228,16.62,1
2024-03-30,235,809,206,15.55,0
2024-03-31,342,868,152,12.3,2
2024-04-01,353,1231,209,19.81,2
2024-04-02,387,1256,194,17.82,2
2024-04-03,326,970,178,16.59,2
2024-04-04,294,1030,210,18.51,2
2024-04-05,273,1081,237,20.51,0
2024-04-06,236,738,187,15.629999999999999,1
2024-04-07,221,527,143,13.01,2
2024-04-08,321,1065,199,16.48,3
2024-04-09,290,1148,237,20.13,0
2024-04-10,254,844,199,16.85,3
2024-04-11,311,972,187,16.9,3
2024-04-12,252,909,216,16.86,3
2024-04-13,200,665,199,18.87,2
2024-04-14,238,545,137,13.140000000000002,2
2024-04-15,301,979,195,17.56,1
2024-04-16,327,1024,187,15.53,1
2024-04-17,353,1206,205,17.08,2
2024-04-18,292,1134,233,18.86,3
2024-04-19,294,892,182,12.75,6
2024-04-20,202,664,197,16.02,3
2024-04-21,297,932,188,17.28,1
2024-04-22,337,1365,243,20.82,3
2024-04-23,375,1323,211,17.54,4
2024-04-24,348,968,167,13.59,1
2024-04-25,304,1237,244,19.72,2
2024-04-26,305,896,176,15.120000000000001,3
2024-04-27,305,1077,211,18.24,6
2024-04-28,301,780,155,14.71,0
2024-04-29,325,1150,212,17.38,2
2024-04-30,277,1029,222,18.2,3
2024-05-01,338,1133,201,18.08,4
2024-05-02,370,1205,195,16.16,4
2024-05-03,259,1075,249,19.17,4
2024-05-04,241,758,188,15.76,1
2024-05-05,241,669,166,16.51,2
2024-05-06,310,1108,214,18.3,1
2024-05-07,329,1208,220,17.45,5
2024-05-08,337,1199,213,17.65,1
2024-05-09,342,1346,236,20.76,5
2024-05-10,247,843,204,17.02,1
2024-05-11,288,837,174,15.509999999999998,0
2024-05-12,315,736,140,14.04,3
2024-05-13,416,1421,205,17.86,4
2024-05-14,422,1445,205,19.08,6
2024-05-15,386,1378,214,18.42,1
2024-05-16,351,1103,188,14.14,2
2024-05-17,249,845,203,17.18,1
2024-05-18,288,1215,253,21.75,3
2024-05-19,286,901,189,15.71,1
2024-05-20,325,1282,236,18.21,2
2024-05-21,319,1210,227,16.68,3
2024-05-22,340,1524,268,19.86,2
2024-05-23,341,1351,237,19.7,2
2024-05-24,270,1080,240,18.66,3
2024-05-25,267,1009,226,17.88,0
2024-05-26,341,1344,236,16.95,2
2024-05-27,287,1165,243,19.43,2
2024-05-28,352,1410,240,19.96,2
2024-05-29,337,1328,236,19.1,2
2024-05-30,321,1158,216,15.010000000000002,3
2024-05-31,265,957,216,14.610000000000001,3
2024-06-01,278,1026,221,16.17,1
2024-06-02,287,947,198,15.479999999999999,4
2024-06-03,350,1510,258,20.86,3
2024-06-04,325,1281,236,17.33,4
2024-06-05,322,1247,232,19.18,1
2024-06-06,334,1406,252,19.94,0
2024-06-07,315,1229,234,18.11,2
2024-06-08,273,955,210,16.09,1
2024-06-09,276,945,205,17.16,2
2024-06-10,291,1207,248,20.05,2
2024-06-11,314,1079,206,16.52,2
2024-06-12,286,1122,235,20.63,2
2024-06-13,299,1454,291,23.71,4
2024-06-14,225,906,241,17.67,2
2024-06-15,183,689,226,18.16,5
2024-06-16,175,458,157,12.75,2
2024-06-17,213,1000,281,23.21,1
2024-06-18,252,885,210,16.06,2
2024-06-19,267,1021,229,18.43,1
2024-06-20,281,1314,280,18.87,3
2024-06-21,234,854,219,17.53,0
2024-06-22,247,1146,278,21.06,4
2024-06-23,249,807,194,14.45,2
2024-06-24,281,1173,250,19.02,4
2024-06-25,279,1271,273,22.45,3
2024-06-26,299,1283,257,19.95,1
2024-06-27,239,898,225,17.38,5
2024-06-28,214,989,277,19.62,2
2024-06-29,218,627,172,14.29,3
2024-06-30,231,959,249,18.32,3
2024-07-01,277,1163,251,21.16,2
2024-07-02,280,1041,223,17.49,6
2024-07-03,231,1081,280,21.75,2
2024-07-04,286,1191,250,18.04,3
2024-07-05,219,1044,286,19.95,2
2024-07-06,226,963,255,18.63,2
2024-07-07,241,1100,274,20.75,3
2024-07-08,325,1610,297,21.19,4
2024-07-09,300,1344,268,19.15,2
2024-07-10,270,861,191,13.33,4
2024-07-11,270,1045,232,16.59,2
2024-07-12,240,1002,250,17.18,4
2024-07-13,216,915,254,18.64,2
2024-07-14,207,564,163,13.350000000000001,3
2024-07-15,283,1086,230,15.299999999999999,2
2024-07-16,265,1302,294,21.2,0
2024-07-17,274,1159,253,20.46,4
2024-07-18,274,1230,269,22.44,3
2024-07-19,246,927,226,16.84,2
2024-07-20,132,548,249,20.17,0
2024-07-21,181,759,251,18.99,2
2024-07-22,267,1355,304,21.02,6
2024-07-23,279,1478,318,23.45,3
2024-07-24,245,1189,291,19.86,2
2024-07-25,280,1198,256,19.31,2
2024-07-26,195,848,261,18.32,0
2024-07-27,152,498,196,15.71,4
2024-07-28,206,681,198,14.99,0
2024-07-29,243,1107,273,19.81,2
2024-07-30,291,1308,269,18.65,4
2024-07-31,238,1021,257,17.79,1
2024-08-01,208,703,202,15.509999999999998,0
2024-08-02,201,622,185,13.68,4
2024-08-03,189,702,223,16.03,3
2024-08-04,219,944,258,16.04,1
2024-08-05,273,1127,247,18.67,5
2024-08-06,232,884,228,16.4,3
2024-08-07,260,1407,324,22.26,2
2024-08-08,291,1208,249,18.5,3
2024-08-09,210,779,222,15.329999999999998,3
2024-08-10,224,1155,309,20.63,4
2024-08-11,228,711,187,13.200000000000001,3
2024-08-12,264,1049,238,18.22,2
2024-08-13,225,1049,279,21.67,1
2024-08-14,280,1360,291,21.28,3
2024-08-15,222,785,212,15.689999999999998,5
2024-08-16,244,1095,269,20.3,0
2024-08-17,175,518,177,13.96,4
2024-08-18,180,732,244,18.72,4
2024-08-19,245,872,213,15.509999999999998,3
2024-08-20,278,1143,246,19.65,1
2024-08-21,311,1047,202,16.4,3
2024-08-22,268,1051,235,18.77,1
2024-08-23,221,903,245,19.29,4
2024-08-24,184,782,255,19.37,1
2024-08-25,196,705,216,16.74,1
2024-08-26,226,765,203,16.45,4
2024-08-27,322,1362,253,21.33,4
2024-08-28,302,1328,263,19.58,0
2024-08-29,243,1175,290,21.55,2
2024-08-30,161,773,288,21.39,4
2024-08-31,177,493,167,13.019999999999998,3
2024-09-01,229,715,187,15.109999999999998,1
2024-09-02,278,1066,230,16.89,0
2024-09-03,265,1108,251,17.08,4
2024-09-04,273,1250,274,21.71,1
2024-09-05,311,881,170,13.77,4
2024-09-06,209,680,195,15.8,4
2024-09-07,187,631,202,17.69,1
2024-09-08,238,798,201,19.07,2
2024-09-09,291,1015,209,17.17,2
2024-09-10,300,1054,210,17.58,3
2024-09-11,332,1115,201,16.75,4
2024-09-12,250,1101,264,21.75,3
2024-09-13,176,665,226,16.94,6
2024-09-14,222,712,192,17.96,1
2024-09-15,294,850,173,14.95,4
2024-09-16,269,868,193,17.75,1
2024-09-17,287,1104,230,19.09,8
2024-09-18,306,1146,224,20.77,2
2024-09-19,308,1180,229,18.58,3
2024-09-20,246,782,190,16.92,1
2024-09-21,264,761,173,16.93,2
2024-09-22,282,873,185,16.77,2
2024-09-23,297,844,170,14.69,3
2024-09-24,251,879,210,16.41,2
2024-09-25,302,811,161,14.14,2
2024-09-26,285,1144,240,20.3,3
2024-09-27,202,871,258,20.54,1
2024-09-28,226,893,237,18.92,2
2024-09-29,264,873,198,19.85,4
2024-09-30,296,1120,227,16.38,1
2024-10-01,261,1182,271,22.14,2
2024-10-02,286,835,175,16.54,2
2024-10-03,295,756,153,12.54,2
2024-10-04,231,604,156,13.61,0
2024-10-05,202,690,205,17.18,1
2024-10-06,254,702,165,15.960000000000003,2
2024-10-07,304,1252,247,20.3,3
2024-10-08,303,1110,219,19.78,2
2024-10-09,299,1326,266,23.05,3
2024-10-10,245,754,184,16.71,2
2024-10-11,221,903,245,20.61,2
2024-10-12,200,802,240,23.54,3
2024-10-13,229,799,209,21.05,1
2024-10-14,321,1160,216,19.52,2
2024-10-15,326,1005,185,19.46,2
2024-10-16,310,920,178,15.36,2
2024-10-17,314,1025,196,17.3,2
2024-10-18,246,839,204,17.55,1
2024-10-19,201,606,180,16.54,1
2024-10-20,241,786,195,18.45,0
2024-10-21,317,1073,203,17.61,5
2024-10-22,315,1035,197,18.82,2
2024-10-23,250,804,193,18.92,3
2024-10-24,262,951,217,19.2,2
2024-10-25,242,660,163,15.71,1
2024-10-26,182,589,194,18.14,1
2024-10-27,271,848,187,18.49,6
2024-10-28,301,1282,255,22.92,6
2024-10-29,250,649,155,14.57,1
2024-10-30,273,866,190,17.01,1
2024-10-31,234,760,195,19.2,3
2024-11-01,188,648,207,20.96,2
2024-11-02,214,696,195,19.27,3
2024-11-03,265,703,159,18.18,1
2024-11-04,250,870,208,18.79,1
2024-11-05,255,926,218,20.9,1
2024-11-06,264,1080,245,23.2,3
2024-11-07,281,1188,253,22.07,3
2024-11-08,243,899,222,18.01,2
2024-11-09,232,512,132,13.62,3
2024-11-10,265,796,180,18.67,4
2024-11-11,312,960,184,17.81,3
2024-11-12,287,906,189,16.99,4
2024-11-13,290,1270,262,22.99,5
2024-11-14,280,1268,271,21.54,2
2024-11-15,228,781,205,20.56,2
2024-11-16,220,705,192,18.45,0
2024-11-17,235,600,153,15.340000000000002,1
2024-11-18,302,881,175,17.88,1
2024-11-19,278,922,199,18.26,5
2024-11-20,311,1167,225,19.9,3
2024-11-21,242,918,227,20.38,2
2024-11-22,176,531,181,16.42,0
2024-11-23,193,582,180,18.07,2
2024-11-24,233,560,144,16.66,3
2024-11-25,262,834,191,17.33,4
2024-11-26,241,629,156,15.85,0
2024-11-27,242,789,195,17.8,0
2024-11-28,197,564,171,16.21,1
2024-11-29,174,418,144,12.23,2
2024-11-30,213,631,177,19.07,6
2024-12-01,208,593,171,17.13,3
2024-12-02,258,1100,255,21.22,5
2024-12-03,270,1024,227,20.69,2
2024-12-04,270,1005,223,18.13,2
2024-12-05,264,827,188,18.53,4
2024-12-06,230,636,166,16.35,2
2024-12-07,178,428,144,15.25,2
2024-12-08,222,632,171,17.35,0
2024-12-09,272,741,163,16.44,2
2024-12-10,279,821,176,16.54,4
2024-12-11,245,705,172,18.3,2
2024-12-12,173,516,179,19.17,2
2024-12-13,184,490,159,16.71,1
2024-12-14,198,782,237,22.89,4
2024-12-15,213,519,146,15.79,1
2024-12-16,222,690,186,17.15,0
2024-12-17,259,977,226,19.46,1
2024-12-18,256,644,150,14.540000000000001,2
2024-12-19,214,718,201,18.47,5
2024-12-20,134,363,162,14.04,0
2024-12-21,145,544,225,20.64,2
2024-12-22,160,315,118,12.55,1
2024-12-23,139,437,188,16.77,2
2024-12-24,124,340,164,14.37,1
2024-12-25,151,421,167,15.909999999999998,1
2024-12-26,137,279,122,11.96,2
2024-12-27,155,391,151,14.2,5
2024-12-28,124,270,130,12.39,1
2024-12-29,141,513,218,18.91,5
2024-12-30,174,541,186,19.2,3
2024-12-31,104,331,191,18.69,2
2025-01-01,183,564,184,18.1,6
2025-01-02,194,701,216,19.31,1
2025-01-03,188,484,154,11.89,0
2025-01-04,147,540,220,22.78,3
2025-01-05,164,540,197,20.42,5
2025-01-06,208,677,195,18.48,4
2025-01-07,200,632,189,19.14,3
2025-01-08,250,738,177,15.5,0
2025-01-09,194,557,172,16.05,3
2025-01-10,215,1025,286,23.65,0
2025-01-11,163,509,187,21.01,4
2025-01-12,181,530,175,16.59,1
2025-01-13,214,668,187,16.05,3
2025-01-14,242,890,220,22.16,4
2025-01-15,262,812,186,16.09,2
2025-01-16,251,759,181,15.299999999999999,3
2025-01-17,181,674,223,19.66,1
2025-01-18,172,545,190,19.78,1
2025-01-19,199,510,153,16.89,1
2025-01-20,260,924,213,17.49,4
2025-01-21,275,976,213,19.19,4
2025-01-22,250,835,200,17.61,3
2025-01-23,210,815,232,19.59,3
2025-01-24,156,572,220,17.66,1
2025-01-25,169,679,241,20.93,3
2025-01-26,226,699,185,15.71,3
2025-01-27,259,1078,249,20.15,1
2025-01-28,204,719,211,17.93,0
2025-01-29,229,862,225,19.09,3
2025-01-30,228,954,251,20.96,0
2025-01-31,186,637,205,19.24,3
2025-02-01,229,882,231,20.04,1
2025-02-02,185,663,215,16.64,2
2025-02-03,230,680,177,16.86,1
2025-02-04,203,660,195,17.14,1
